// Generated by tools/generate_unicode.py; do not edit.
// Unicode 16/17 character categories and Unicode 9 NFC data.
// See unicode.LICENSE for the Unicode Data Files license.
// ucd9/UnicodeData.txt SHA-256: 68dfc414d28257b9b5d6ddbb8b466c768c00ebdf6cbf7784364a9b6cad55ee8f
// ucd16/UnicodeData.txt SHA-256: ff58e5823bd095166564a006e47d111130813dcf8bf234ef79fa51a870edb48f
// ucd17/UnicodeData.txt SHA-256: 2e1efc1dcb59c575eedf5ccae60f95229f706ee6d031835247d843c11d96470c
// ucd9/DerivedNormalizationProps.txt SHA-256: 02d8e12cea7c61a9f3cc5fbf8eaceadf8da23fe83d60c64cf647088830b810cc
#ifndef NCNN_MOE_MODELS_UNICODEDATA_H
#define NCNN_MOE_MODELS_UNICODEDATA_H

#include <cstdint>

namespace ncnn {
namespace moe {

enum UnicodeProperty : uint32_t
{
    UnicodeLetter = 1,
    UnicodeMark = 2,
    UnicodeNumber = 4,
    UnicodePunctuation = 8,
    UnicodeSymbol = 16,
    UnicodeUpper = 32,
    UnicodeLower = 64,
    UnicodeSpace = 128,
    UnicodeNfcCheck = 0x1000000
};

// Packed bytes: Unicode 16 categories, Unicode 17 categories, Unicode 9 combining class, NFC quick check.
struct UnicodeRange
{
    uint32_t end;
    uint32_t properties;
};

struct UnicodeDecomposition
{
    uint32_t codepoint;
    uint32_t first;
    uint32_t second;
};

struct UnicodeComposition
{
    uint64_t pair;
    uint32_t codepoint;
};

static const uint32_t unicode_ascii[] = {
    0x0,
    0x0,
    0x0,
    0x0,
    0x0,
    0x0,
    0x0,
    0x0,
    0x0,
    0x8080,
    0x8080,
    0x8080,
    0x8080,
    0x8080,
    0x0,
    0x0,
    0x0,
    0x0,
    0x0,
    0x0,
    0x0,
    0x0,
    0x0,
    0x0,
    0x0,
    0x0,
    0x0,
    0x0,
    0x0,
    0x0,
    0x0,
    0x0,
    0x8080,
    0x808,
    0x808,
    0x808,
    0x1010,
    0x808,
    0x808,
    0x808,
    0x808,
    0x808,
    0x808,
    0x1010,
    0x808,
    0x808,
    0x808,
    0x808,
    0x404,
    0x404,
    0x404,
    0x404,
    0x404,
    0x404,
    0x404,
    0x404,
    0x404,
    0x404,
    0x808,
    0x808,
    0x1010,
    0x1010,
    0x1010,
    0x808,
    0x808,
    0x2121,
    0x2121,
    0x2121,
    0x2121,
    0x2121,
    0x2121,
    0x2121,
    0x2121,
    0x2121,
    0x2121,
    0x2121,
    0x2121,
    0x2121,
    0x2121,
    0x2121,
    0x2121,
    0x2121,
    0x2121,
    0x2121,
    0x2121,
    0x2121,
    0x2121,
    0x2121,
    0x2121,
    0x2121,
    0x2121,
    0x808,
    0x808,
    0x808,
    0x1010,
    0x808,
    0x1010,
    0x4141,
    0x4141,
    0x4141,
    0x4141,
    0x4141,
    0x4141,
    0x4141,
    0x4141,
    0x4141,
    0x4141,
    0x4141,
    0x4141,
    0x4141,
    0x4141,
    0x4141,
    0x4141,
    0x4141,
    0x4141,
    0x4141,
    0x4141,
    0x4141,
    0x4141,
    0x4141,
    0x4141,
    0x4141,
    0x4141,
    0x808,
    0x1010,
    0x808,
    0x1010,
    0x0,
};

static const UnicodeRange unicode_ranges[] = {
    {0x8, 0x0},
    {0xd, 0x8080},
    {0x1f, 0x0},
    {0x20, 0x8080},
    {0x23, 0x808},
    {0x24, 0x1010},
    {0x2a, 0x808},
    {0x2b, 0x1010},
    {0x2f, 0x808},
    {0x39, 0x404},
    {0x3b, 0x808},
    {0x3e, 0x1010},
    {0x40, 0x808},
    {0x5a, 0x2121},
    {0x5d, 0x808},
    {0x5e, 0x1010},
    {0x5f, 0x808},
    {0x60, 0x1010},
    {0x7a, 0x4141},
    {0x7b, 0x808},
    {0x7c, 0x1010},
    {0x7d, 0x808},
    {0x7e, 0x1010},
    {0x84, 0x0},
    {0x85, 0x8080},
    {0x9f, 0x0},
    {0xa0, 0x8080},
    {0xa1, 0x808},
    {0xa6, 0x1010},
    {0xa7, 0x808},
    {0xa9, 0x1010},
    {0xaa, 0x101},
    {0xab, 0x808},
    {0xac, 0x1010},
    {0xad, 0x0},
    {0xb1, 0x1010},
    {0xb3, 0x404},
    {0xb4, 0x1010},
    {0xb5, 0x4141},
    {0xb7, 0x808},
    {0xb8, 0x1010},
    {0xb9, 0x404},
    {0xba, 0x101},
    {0xbb, 0x808},
    {0xbe, 0x404},
    {0xbf, 0x808},
    {0xd6, 0x2121},
    {0xd7, 0x1010},
    {0xde, 0x2121},
    {0xf6, 0x4141},
    {0xf7, 0x1010},
    {0xff, 0x4141},
    {0x100, 0x2121},
    {0x101, 0x4141},
    {0x102, 0x2121},
    {0x103, 0x4141},
    {0x104, 0x2121},
    {0x105, 0x4141},
    {0x106, 0x2121},
    {0x107, 0x4141},
    {0x108, 0x2121},
    {0x109, 0x4141},
    {0x10a, 0x2121},
    {0x10b, 0x4141},
    {0x10c, 0x2121},
    {0x10d, 0x4141},
    {0x10e, 0x2121},
    {0x10f, 0x4141},
    {0x110, 0x2121},
    {0x111, 0x4141},
    {0x112, 0x2121},
    {0x113, 0x4141},
    {0x114, 0x2121},
    {0x115, 0x4141},
    {0x116, 0x2121},
    {0x117, 0x4141},
    {0x118, 0x2121},
    {0x119, 0x4141},
    {0x11a, 0x2121},
    {0x11b, 0x4141},
    {0x11c, 0x2121},
    {0x11d, 0x4141},
    {0x11e, 0x2121},
    {0x11f, 0x4141},
    {0x120, 0x2121},
    {0x121, 0x4141},
    {0x122, 0x2121},
    {0x123, 0x4141},
    {0x124, 0x2121},
    {0x125, 0x4141},
    {0x126, 0x2121},
    {0x127, 0x4141},
    {0x128, 0x2121},
    {0x129, 0x4141},
    {0x12a, 0x2121},
    {0x12b, 0x4141},
    {0x12c, 0x2121},
    {0x12d, 0x4141},
    {0x12e, 0x2121},
    {0x12f, 0x4141},
    {0x130, 0x2121},
    {0x131, 0x4141},
    {0x132, 0x2121},
    {0x133, 0x4141},
    {0x134, 0x2121},
    {0x135, 0x4141},
    {0x136, 0x2121},
    {0x138, 0x4141},
    {0x139, 0x2121},
    {0x13a, 0x4141},
    {0x13b, 0x2121},
    {0x13c, 0x4141},
    {0x13d, 0x2121},
    {0x13e, 0x4141},
    {0x13f, 0x2121},
    {0x140, 0x4141},
    {0x141, 0x2121},
    {0x142, 0x4141},
    {0x143, 0x2121},
    {0x144, 0x4141},
    {0x145, 0x2121},
    {0x146, 0x4141},
    {0x147, 0x2121},
    {0x149, 0x4141},
    {0x14a, 0x2121},
    {0x14b, 0x4141},
    {0x14c, 0x2121},
    {0x14d, 0x4141},
    {0x14e, 0x2121},
    {0x14f, 0x4141},
    {0x150, 0x2121},
    {0x151, 0x4141},
    {0x152, 0x2121},
    {0x153, 0x4141},
    {0x154, 0x2121},
    {0x155, 0x4141},
    {0x156, 0x2121},
    {0x157, 0x4141},
    {0x158, 0x2121},
    {0x159, 0x4141},
    {0x15a, 0x2121},
    {0x15b, 0x4141},
    {0x15c, 0x2121},
    {0x15d, 0x4141},
    {0x15e, 0x2121},
    {0x15f, 0x4141},
    {0x160, 0x2121},
    {0x161, 0x4141},
    {0x162, 0x2121},
    {0x163, 0x4141},
    {0x164, 0x2121},
    {0x165, 0x4141},
    {0x166, 0x2121},
    {0x167, 0x4141},
    {0x168, 0x2121},
    {0x169, 0x4141},
    {0x16a, 0x2121},
    {0x16b, 0x4141},
    {0x16c, 0x2121},
    {0x16d, 0x4141},
    {0x16e, 0x2121},
    {0x16f, 0x4141},
    {0x170, 0x2121},
    {0x171, 0x4141},
    {0x172, 0x2121},
    {0x173, 0x4141},
    {0x174, 0x2121},
    {0x175, 0x4141},
    {0x176, 0x2121},
    {0x177, 0x4141},
    {0x179, 0x2121},
    {0x17a, 0x4141},
    {0x17b, 0x2121},
    {0x17c, 0x4141},
    {0x17d, 0x2121},
    {0x180, 0x4141},
    {0x182, 0x2121},
    {0x183, 0x4141},
    {0x184, 0x2121},
    {0x185, 0x4141},
    {0x187, 0x2121},
    {0x188, 0x4141},
    {0x18b, 0x2121},
    {0x18d, 0x4141},
    {0x191, 0x2121},
    {0x192, 0x4141},
    {0x194, 0x2121},
    {0x195, 0x4141},
    {0x198, 0x2121},
    {0x19b, 0x4141},
    {0x19d, 0x2121},
    {0x19e, 0x4141},
    {0x1a0, 0x2121},
    {0x1a1, 0x4141},
    {0x1a2, 0x2121},
    {0x1a3, 0x4141},
    {0x1a4, 0x2121},
    {0x1a5, 0x4141},
    {0x1a7, 0x2121},
    {0x1a8, 0x4141},
    {0x1a9, 0x2121},
    {0x1ab, 0x4141},
    {0x1ac, 0x2121},
    {0x1ad, 0x4141},
    {0x1af, 0x2121},
    {0x1b0, 0x4141},
    {0x1b3, 0x2121},
    {0x1b4, 0x4141},
    {0x1b5, 0x2121},
    {0x1b6, 0x4141},
    {0x1b8, 0x2121},
    {0x1ba, 0x4141},
    {0x1bb, 0x101},
    {0x1bc, 0x2121},
    {0x1bf, 0x4141},
    {0x1c3, 0x101},
    {0x1c5, 0x2121},
    {0x1c6, 0x4141},
    {0x1c8, 0x2121},
    {0x1c9, 0x4141},
    {0x1cb, 0x2121},
    {0x1cc, 0x4141},
    {0x1cd, 0x2121},
    {0x1ce, 0x4141},
    {0x1cf, 0x2121},
    {0x1d0, 0x4141},
    {0x1d1, 0x2121},
    {0x1d2, 0x4141},
    {0x1d3, 0x2121},
    {0x1d4, 0x4141},
    {0x1d5, 0x2121},
    {0x1d6, 0x4141},
    {0x1d7, 0x2121},
    {0x1d8, 0x4141},
    {0x1d9, 0x2121},
    {0x1da, 0x4141},
    {0x1db, 0x2121},
    {0x1dd, 0x4141},
    {0x1de, 0x2121},
    {0x1df, 0x4141},
    {0x1e0, 0x2121},
    {0x1e1, 0x4141},
    {0x1e2, 0x2121},
    {0x1e3, 0x4141},
    {0x1e4, 0x2121},
    {0x1e5, 0x4141},
    {0x1e6, 0x2121},
    {0x1e7, 0x4141},
    {0x1e8, 0x2121},
    {0x1e9, 0x4141},
    {0x1ea, 0x2121},
    {0x1eb, 0x4141},
    {0x1ec, 0x2121},
    {0x1ed, 0x4141},
    {0x1ee, 0x2121},
    {0x1f0, 0x4141},
    {0x1f2, 0x2121},
    {0x1f3, 0x4141},
    {0x1f4, 0x2121},
    {0x1f5, 0x4141},
    {0x1f8, 0x2121},
    {0x1f9, 0x4141},
    {0x1fa, 0x2121},
    {0x1fb, 0x4141},
    {0x1fc, 0x2121},
    {0x1fd, 0x4141},
    {0x1fe, 0x2121},
    {0x1ff, 0x4141},
    {0x200, 0x2121},
    {0x201, 0x4141},
    {0x202, 0x2121},
    {0x203, 0x4141},
    {0x204, 0x2121},
    {0x205, 0x4141},
    {0x206, 0x2121},
    {0x207, 0x4141},
    {0x208, 0x2121},
    {0x209, 0x4141},
    {0x20a, 0x2121},
    {0x20b, 0x4141},
    {0x20c, 0x2121},
    {0x20d, 0x4141},
    {0x20e, 0x2121},
    {0x20f, 0x4141},
    {0x210, 0x2121},
    {0x211, 0x4141},
    {0x212, 0x2121},
    {0x213, 0x4141},
    {0x214, 0x2121},
    {0x215, 0x4141},
    {0x216, 0x2121},
    {0x217, 0x4141},
    {0x218, 0x2121},
    {0x219, 0x4141},
    {0x21a, 0x2121},
    {0x21b, 0x4141},
    {0x21c, 0x2121},
    {0x21d, 0x4141},
    {0x21e, 0x2121},
    {0x21f, 0x4141},
    {0x220, 0x2121},
    {0x221, 0x4141},
    {0x222, 0x2121},
    {0x223, 0x4141},
    {0x224, 0x2121},
    {0x225, 0x4141},
    {0x226, 0x2121},
    {0x227, 0x4141},
    {0x228, 0x2121},
    {0x229, 0x4141},
    {0x22a, 0x2121},
    {0x22b, 0x4141},
    {0x22c, 0x2121},
    {0x22d, 0x4141},
    {0x22e, 0x2121},
    {0x22f, 0x4141},
    {0x230, 0x2121},
    {0x231, 0x4141},
    {0x232, 0x2121},
    {0x239, 0x4141},
    {0x23b, 0x2121},
    {0x23c, 0x4141},
    {0x23e, 0x2121},
    {0x240, 0x4141},
    {0x241, 0x2121},
    {0x242, 0x4141},
    {0x246, 0x2121},
    {0x247, 0x4141},
    {0x248, 0x2121},
    {0x249, 0x4141},
    {0x24a, 0x2121},
    {0x24b, 0x4141},
    {0x24c, 0x2121},
    {0x24d, 0x4141},
    {0x24e, 0x2121},
    {0x293, 0x4141},
    {0x294, 0x101},
    {0x295, 0x141},
    {0x2af, 0x4141},
    {0x2c1, 0x101},
    {0x2c5, 0x1010},
    {0x2d1, 0x101},
    {0x2df, 0x1010},
    {0x2e4, 0x101},
    {0x2eb, 0x1010},
    {0x2ec, 0x101},
    {0x2ed, 0x1010},
    {0x2ee, 0x101},
    {0x2ff, 0x1010},
    {0x304, 0x1e60202},
    {0x305, 0xe60202},
    {0x30c, 0x1e60202},
    {0x30e, 0xe60202},
    {0x30f, 0x1e60202},
    {0x310, 0xe60202},
    {0x311, 0x1e60202},
    {0x312, 0xe60202},
    {0x314, 0x1e60202},
    {0x315, 0xe80202},
    {0x319, 0xdc0202},
    {0x31a, 0xe80202},
    {0x31b, 0x1d80202},
    {0x320, 0xdc0202},
    {0x322, 0xca0202},
    {0x326, 0x1dc0202},
    {0x328, 0x1ca0202},
    {0x32c, 0xdc0202},
    {0x32e, 0x1dc0202},
    {0x32f, 0xdc0202},
    {0x331, 0x1dc0202},
    {0x333, 0xdc0202},
    {0x337, 0x10202},
    {0x338, 0x1010202},
    {0x33c, 0xdc0202},
    {0x33f, 0xe60202},
    {0x344, 0x1e60202},
    {0x345, 0x1f00202},
    {0x346, 0xe60202},
    {0x349, 0xdc0202},
    {0x34c, 0xe60202},
    {0x34e, 0xdc0202},
    {0x34f, 0x202},
    {0x352, 0xe60202},
    {0x356, 0xdc0202},
    {0x357, 0xe60202},
    {0x358, 0xe80202},
    {0x35a, 0xdc0202},
    {0x35b, 0xe60202},
    {0x35c, 0xe90202},
    {0x35e, 0xea0202},
    {0x35f, 0xe90202},
    {0x361, 0xea0202},
    {0x362, 0xe90202},
    {0x36f, 0xe60202},
    {0x370, 0x2121},
    {0x371, 0x4141},
    {0x372, 0x2121},
    {0x373, 0x4141},
    {0x374, 0x1000101},
    {0x375, 0x1010},
    {0x376, 0x2121},
    {0x377, 0x4141},
    {0x379, 0x0},
    {0x37a, 0x101},
    {0x37d, 0x4141},
    {0x37e, 0x1000808},
    {0x37f, 0x2121},
    {0x383, 0x0},
    {0x385, 0x1010},
    {0x386, 0x2121},
    {0x387, 0x1000808},
    {0x38a, 0x2121},
    {0x38b, 0x0},
    {0x38c, 0x2121},
    {0x38d, 0x0},
    {0x38f, 0x2121},
    {0x390, 0x4141},
    {0x3a1, 0x2121},
    {0x3a2, 0x0},
    {0x3ab, 0x2121},
    {0x3ce, 0x4141},
    {0x3cf, 0x2121},
    {0x3d1, 0x4141},
    {0x3d4, 0x2121},
    {0x3d7, 0x4141},
    {0x3d8, 0x2121},
    {0x3d9, 0x4141},
    {0x3da, 0x2121},
    {0x3db, 0x4141},
    {0x3dc, 0x2121},
    {0x3dd, 0x4141},
    {0x3de, 0x2121},
    {0x3df, 0x4141},
    {0x3e0, 0x2121},
    {0x3e1, 0x4141},
    {0x3e2, 0x2121},
    {0x3e3, 0x4141},
    {0x3e4, 0x2121},
    {0x3e5, 0x4141},
    {0x3e6, 0x2121},
    {0x3e7, 0x4141},
    {0x3e8, 0x2121},
    {0x3e9, 0x4141},
    {0x3ea, 0x2121},
    {0x3eb, 0x4141},
    {0x3ec, 0x2121},
    {0x3ed, 0x4141},
    {0x3ee, 0x2121},
    {0x3f3, 0x4141},
    {0x3f4, 0x2121},
    {0x3f5, 0x4141},
    {0x3f6, 0x1010},
    {0x3f7, 0x2121},
    {0x3f8, 0x4141},
    {0x3fa, 0x2121},
    {0x3fc, 0x4141},
    {0x42f, 0x2121},
    {0x45f, 0x4141},
    {0x460, 0x2121},
    {0x461, 0x4141},
    {0x462, 0x2121},
    {0x463, 0x4141},
    {0x464, 0x2121},
    {0x465, 0x4141},
    {0x466, 0x2121},
    {0x467, 0x4141},
    {0x468, 0x2121},
    {0x469, 0x4141},
    {0x46a, 0x2121},
    {0x46b, 0x4141},
    {0x46c, 0x2121},
    {0x46d, 0x4141},
    {0x46e, 0x2121},
    {0x46f, 0x4141},
    {0x470, 0x2121},
    {0x471, 0x4141},
    {0x472, 0x2121},
    {0x473, 0x4141},
    {0x474, 0x2121},
    {0x475, 0x4141},
    {0x476, 0x2121},
    {0x477, 0x4141},
    {0x478, 0x2121},
    {0x479, 0x4141},
    {0x47a, 0x2121},
    {0x47b, 0x4141},
    {0x47c, 0x2121},
    {0x47d, 0x4141},
    {0x47e, 0x2121},
    {0x47f, 0x4141},
    {0x480, 0x2121},
    {0x481, 0x4141},
    {0x482, 0x1010},
    {0x487, 0xe60202},
    {0x489, 0x202},
    {0x48a, 0x2121},
    {0x48b, 0x4141},
    {0x48c, 0x2121},
    {0x48d, 0x4141},
    {0x48e, 0x2121},
    {0x48f, 0x4141},
    {0x490, 0x2121},
    {0x491, 0x4141},
    {0x492, 0x2121},
    {0x493, 0x4141},
    {0x494, 0x2121},
    {0x495, 0x4141},
    {0x496, 0x2121},
    {0x497, 0x4141},
    {0x498, 0x2121},
    {0x499, 0x4141},
    {0x49a, 0x2121},
    {0x49b, 0x4141},
    {0x49c, 0x2121},
    {0x49d, 0x4141},
    {0x49e, 0x2121},
    {0x49f, 0x4141},
    {0x4a0, 0x2121},
    {0x4a1, 0x4141},
    {0x4a2, 0x2121},
    {0x4a3, 0x4141},
    {0x4a4, 0x2121},
    {0x4a5, 0x4141},
    {0x4a6, 0x2121},
    {0x4a7, 0x4141},
    {0x4a8, 0x2121},
    {0x4a9, 0x4141},
    {0x4aa, 0x2121},
    {0x4ab, 0x4141},
    {0x4ac, 0x2121},
    {0x4ad, 0x4141},
    {0x4ae, 0x2121},
    {0x4af, 0x4141},
    {0x4b0, 0x2121},
    {0x4b1, 0x4141},
    {0x4b2, 0x2121},
    {0x4b3, 0x4141},
    {0x4b4, 0x2121},
    {0x4b5, 0x4141},
    {0x4b6, 0x2121},
    {0x4b7, 0x4141},
    {0x4b8, 0x2121},
    {0x4b9, 0x4141},
    {0x4ba, 0x2121},
    {0x4bb, 0x4141},
    {0x4bc, 0x2121},
    {0x4bd, 0x4141},
    {0x4be, 0x2121},
    {0x4bf, 0x4141},
    {0x4c1, 0x2121},
    {0x4c2, 0x4141},
    {0x4c3, 0x2121},
    {0x4c4, 0x4141},
    {0x4c5, 0x2121},
    {0x4c6, 0x4141},
    {0x4c7, 0x2121},
    {0x4c8, 0x4141},
    {0x4c9, 0x2121},
    {0x4ca, 0x4141},
    {0x4cb, 0x2121},
    {0x4cc, 0x4141},
    {0x4cd, 0x2121},
    {0x4cf, 0x4141},
    {0x4d0, 0x2121},
    {0x4d1, 0x4141},
    {0x4d2, 0x2121},
    {0x4d3, 0x4141},
    {0x4d4, 0x2121},
    {0x4d5, 0x4141},
    {0x4d6, 0x2121},
    {0x4d7, 0x4141},
    {0x4d8, 0x2121},
    {0x4d9, 0x4141},
    {0x4da, 0x2121},
    {0x4db, 0x4141},
    {0x4dc, 0x2121},
    {0x4dd, 0x4141},
    {0x4de, 0x2121},
    {0x4df, 0x4141},
    {0x4e0, 0x2121},
    {0x4e1, 0x4141},
    {0x4e2, 0x2121},
    {0x4e3, 0x4141},
    {0x4e4, 0x2121},
    {0x4e5, 0x4141},
    {0x4e6, 0x2121},
    {0x4e7, 0x4141},
    {0x4e8, 0x2121},
    {0x4e9, 0x4141},
    {0x4ea, 0x2121},
    {0x4eb, 0x4141},
    {0x4ec, 0x2121},
    {0x4ed, 0x4141},
    {0x4ee, 0x2121},
    {0x4ef, 0x4141},
    {0x4f0, 0x2121},
    {0x4f1, 0x4141},
    {0x4f2, 0x2121},
    {0x4f3, 0x4141},
    {0x4f4, 0x2121},
    {0x4f5, 0x4141},
    {0x4f6, 0x2121},
    {0x4f7, 0x4141},
    {0x4f8, 0x2121},
    {0x4f9, 0x4141},
    {0x4fa, 0x2121},
    {0x4fb, 0x4141},
    {0x4fc, 0x2121},
    {0x4fd, 0x4141},
    {0x4fe, 0x2121},
    {0x4ff, 0x4141},
    {0x500, 0x2121},
    {0x501, 0x4141},
    {0x502, 0x2121},
    {0x503, 0x4141},
    {0x504, 0x2121},
    {0x505, 0x4141},
    {0x506, 0x2121},
    {0x507, 0x4141},
    {0x508, 0x2121},
    {0x509, 0x4141},
    {0x50a, 0x2121},
    {0x50b, 0x4141},
    {0x50c, 0x2121},
    {0x50d, 0x4141},
    {0x50e, 0x2121},
    {0x50f, 0x4141},
    {0x510, 0x2121},
    {0x511, 0x4141},
    {0x512, 0x2121},
    {0x513, 0x4141},
    {0x514, 0x2121},
    {0x515, 0x4141},
    {0x516, 0x2121},
    {0x517, 0x4141},
    {0x518, 0x2121},
    {0x519, 0x4141},
    {0x51a, 0x2121},
    {0x51b, 0x4141},
    {0x51c, 0x2121},
    {0x51d, 0x4141},
    {0x51e, 0x2121},
    {0x51f, 0x4141},
    {0x520, 0x2121},
    {0x521, 0x4141},
    {0x522, 0x2121},
    {0x523, 0x4141},
    {0x524, 0x2121},
    {0x525, 0x4141},
    {0x526, 0x2121},
    {0x527, 0x4141},
    {0x528, 0x2121},
    {0x529, 0x4141},
    {0x52a, 0x2121},
    {0x52b, 0x4141},
    {0x52c, 0x2121},
    {0x52d, 0x4141},
    {0x52e, 0x2121},
    {0x52f, 0x4141},
    {0x530, 0x0},
    {0x556, 0x2121},
    {0x558, 0x0},
    {0x559, 0x101},
    {0x55f, 0x808},
    {0x588, 0x4141},
    {0x58a, 0x808},
    {0x58c, 0x0},
    {0x58f, 0x1010},
    {0x590, 0x0},
    {0x591, 0xdc0202},
    {0x595, 0xe60202},
    {0x596, 0xdc0202},
    {0x599, 0xe60202},
    {0x59a, 0xde0202},
    {0x59b, 0xdc0202},
    {0x5a1, 0xe60202},
    {0x5a7, 0xdc0202},
    {0x5a9, 0xe60202},
    {0x5aa, 0xdc0202},
    {0x5ac, 0xe60202},
    {0x5ad, 0xde0202},
    {0x5ae, 0xe40202},
    {0x5af, 0xe60202},
    {0x5b0, 0xa0202},
    {0x5b1, 0xb0202},
    {0x5b2, 0xc0202},
    {0x5b3, 0xd0202},
    {0x5b4, 0xe0202},
    {0x5b5, 0xf0202},
    {0x5b6, 0x100202},
    {0x5b7, 0x110202},
    {0x5b8, 0x120202},
    {0x5ba, 0x130202},
    {0x5bb, 0x140202},
    {0x5bc, 0x150202},
    {0x5bd, 0x160202},
    {0x5be, 0x808},
    {0x5bf, 0x170202},
    {0x5c0, 0x808},
    {0x5c1, 0x180202},
    {0x5c2, 0x190202},
    {0x5c3, 0x808},
    {0x5c4, 0xe60202},
    {0x5c5, 0xdc0202},
    {0x5c6, 0x808},
    {0x5c7, 0x120202},
    {0x5cf, 0x0},
    {0x5ea, 0x101},
    {0x5ee, 0x0},
    {0x5f2, 0x101},
    {0x5f4, 0x808},
    {0x605, 0x0},
    {0x608, 0x1010},
    {0x60a, 0x808},
    {0x60b, 0x1010},
    {0x60d, 0x808},
    {0x60f, 0x1010},
    {0x617, 0xe60202},
    {0x618, 0x1e0202},
    {0x619, 0x1f0202},
    {0x61a, 0x200202},
    {0x61b, 0x808},
    {0x61c, 0x0},
    {0x61f, 0x808},
    {0x64a, 0x101},
    {0x64b, 0x1b0202},
    {0x64c, 0x1c0202},
    {0x64d, 0x1d0202},
    {0x64e, 0x1e0202},
    {0x64f, 0x1f0202},
    {0x650, 0x200202},
    {0x651, 0x210202},
    {0x652, 0x220202},
    {0x654, 0x1e60202},
    {0x655, 0x1dc0202},
    {0x656, 0xdc0202},
    {0x65b, 0xe60202},
    {0x65c, 0xdc0202},
    {0x65e, 0xe60202},
    {0x65f, 0xdc0202},
    {0x669, 0x404},
    {0x66d, 0x808},
    {0x66f, 0x101},
    {0x670, 0x230202},
    {0x6d3, 0x101},
    {0x6d4, 0x808},
    {0x6d5, 0x101},
    {0x6dc, 0xe60202},
    {0x6dd, 0x0},
    {0x6de, 0x1010},
    {0x6e2, 0xe60202},
    {0x6e3, 0xdc0202},
    {0x6e4, 0xe60202},
    {0x6e6, 0x101},
    {0x6e8, 0xe60202},
    {0x6e9, 0x1010},
    {0x6ea, 0xdc0202},
    {0x6ec, 0xe60202},
    {0x6ed, 0xdc0202},
    {0x6ef, 0x101},
    {0x6f9, 0x404},
    {0x6fc, 0x101},
    {0x6fe, 0x1010},
    {0x6ff, 0x101},
    {0x70d, 0x808},
    {0x70f, 0x0},
    {0x710, 0x101},
    {0x711, 0x240202},
    {0x72f, 0x101},
    {0x730, 0xe60202},
    {0x731, 0xdc0202},
    {0x733, 0xe60202},
    {0x734, 0xdc0202},
    {0x736, 0xe60202},
    {0x739, 0xdc0202},
    {0x73a, 0xe60202},
    {0x73c, 0xdc0202},
    {0x73d, 0xe60202},
    {0x73e, 0xdc0202},
    {0x741, 0xe60202},
    {0x742, 0xdc0202},
    {0x743, 0xe60202},
    {0x744, 0xdc0202},
    {0x745, 0xe60202},
    {0x746, 0xdc0202},
    {0x747, 0xe60202},
    {0x748, 0xdc0202},
    {0x74a, 0xe60202},
    {0x74c, 0x0},
    {0x7a5, 0x101},
    {0x7b0, 0x202},
    {0x7b1, 0x101},
    {0x7bf, 0x0},
    {0x7c9, 0x404},
    {0x7ea, 0x101},
    {0x7f1, 0xe60202},
    {0x7f2, 0xdc0202},
    {0x7f3, 0xe60202},
    {0x7f5, 0x101},
    {0x7f6, 0x1010},
    {0x7f9, 0x808},
    {0x7fa, 0x101},
    {0x7fc, 0x0},
    {0x7fd, 0x202},
    {0x7ff, 0x1010},
    {0x815, 0x101},
    {0x819, 0xe60202},
    {0x81a, 0x101},
    {0x823, 0xe60202},
    {0x824, 0x101},
    {0x827, 0xe60202},
    {0x828, 0x101},
    {0x82d, 0xe60202},
    {0x82f, 0x0},
    {0x83e, 0x808},
    {0x83f, 0x0},
    {0x858, 0x101},
    {0x85b, 0xdc0202},
    {0x85d, 0x0},
    {0x85e, 0x808},
    {0x85f, 0x0},
    {0x86a, 0x101},
    {0x86f, 0x0},
    {0x887, 0x101},
    {0x888, 0x1010},
    {0x88e, 0x101},
    {0x88f, 0x100},
    {0x896, 0x0},
    {0x89f, 0x202},
    {0x8c9, 0x101},
    {0x8d3, 0x202},
    {0x8e1, 0xe60202},
    {0x8e2, 0x0},
    {0x8e3, 0xdc0202},
    {0x8e5, 0xe60202},
    {0x8e6, 0xdc0202},
    {0x8e8, 0xe60202},
    {0x8e9, 0xdc0202},
    {0x8ec, 0xe60202},
    {0x8ef, 0xdc0202},
    {0x8f0, 0x1b0202},
    {0x8f1, 0x1c0202},
    {0x8f2, 0x1d0202},
    {0x8f5, 0xe60202},
    {0x8f6, 0xdc0202},
    {0x8f8, 0xe60202},
    {0x8fa, 0xdc0202},
    {0x8ff, 0xe60202},
    {0x903, 0x202},
    {0x939, 0x101},
    {0x93b, 0x202},
    {0x93c, 0x1070202},
    {0x93d, 0x101},
    {0x94c, 0x202},
    {0x94d, 0x90202},
    {0x94f, 0x202},
    {0x950, 0x101},
    {0x951, 0xe60202},
    {0x952, 0xdc0202},
    {0x954, 0xe60202},
    {0x957, 0x202},
    {0x95f, 0x1000101},
    {0x961, 0x101},
    {0x963, 0x202},
    {0x965, 0x808},
    {0x96f, 0x404},
    {0x970, 0x808},
    {0x980, 0x101},
    {0x983, 0x202},
    {0x984, 0x0},
    {0x98c, 0x101},
    {0x98e, 0x0},
    {0x990, 0x101},
    {0x992, 0x0},
    {0x9a8, 0x101},
    {0x9a9, 0x0},
    {0x9b0, 0x101},
    {0x9b1, 0x0},
    {0x9b2, 0x101},
    {0x9b5, 0x0},
    {0x9b9, 0x101},
    {0x9bb, 0x0},
    {0x9bc, 0x70202},
    {0x9bd, 0x101},
    {0x9be, 0x1000202},
    {0x9c4, 0x202},
    {0x9c6, 0x0},
    {0x9c8, 0x202},
    {0x9ca, 0x0},
    {0x9cc, 0x202},
    {0x9cd, 0x90202},
    {0x9ce, 0x101},
    {0x9d6, 0x0},
    {0x9d7, 0x1000202},
    {0x9db, 0x0},
    {0x9dd, 0x1000101},
    {0x9de, 0x0},
    {0x9df, 0x1000101},
    {0x9e1, 0x101},
    {0x9e3, 0x202},
    {0x9e5, 0x0},
    {0x9ef, 0x404},
    {0x9f1, 0x101},
    {0x9f3, 0x1010},
    {0x9f9, 0x404},
    {0x9fb, 0x1010},
    {0x9fc, 0x101},
    {0x9fd, 0x808},
    {0x9fe, 0x202},
    {0xa00, 0x0},
    {0xa03, 0x202},
    {0xa04, 0x0},
    {0xa0a, 0x101},
    {0xa0e, 0x0},
    {0xa10, 0x101},
    {0xa12, 0x0},
    {0xa28, 0x101},
    {0xa29, 0x0},
    {0xa30, 0x101},
    {0xa31, 0x0},
    {0xa32, 0x101},
    {0xa33, 0x1000101},
    {0xa34, 0x0},
    {0xa35, 0x101},
    {0xa36, 0x1000101},
    {0xa37, 0x0},
    {0xa39, 0x101},
    {0xa3b, 0x0},
    {0xa3c, 0x70202},
    {0xa3d, 0x0},
    {0xa42, 0x202},
    {0xa46, 0x0},
    {0xa48, 0x202},
    {0xa4a, 0x0},
    {0xa4c, 0x202},
    {0xa4d, 0x90202},
    {0xa50, 0x0},
    {0xa51, 0x202},
    {0xa58, 0x0},
    {0xa5b, 0x1000101},
    {0xa5c, 0x101},
    {0xa5d, 0x0},
    {0xa5e, 0x1000101},
    {0xa65, 0x0},
    {0xa6f, 0x404},
    {0xa71, 0x202},
    {0xa74, 0x101},
    {0xa75, 0x202},
    {0xa76, 0x808},
    {0xa80, 0x0},
    {0xa83, 0x202},
    {0xa84, 0x0},
    {0xa8d, 0x101},
    {0xa8e, 0x0},
    {0xa91, 0x101},
    {0xa92, 0x0},
    {0xaa8, 0x101},
    {0xaa9, 0x0},
    {0xab0, 0x101},
    {0xab1, 0x0},
    {0xab3, 0x101},
    {0xab4, 0x0},
    {0xab9, 0x101},
    {0xabb, 0x0},
    {0xabc, 0x70202},
    {0xabd, 0x101},
    {0xac5, 0x202},
    {0xac6, 0x0},
    {0xac9, 0x202},
    {0xaca, 0x0},
    {0xacc, 0x202},
    {0xacd, 0x90202},
    {0xacf, 0x0},
    {0xad0, 0x101},
    {0xadf, 0x0},
    {0xae1, 0x101},
    {0xae3, 0x202},
    {0xae5, 0x0},
    {0xaef, 0x404},
    {0xaf0, 0x808},
    {0xaf1, 0x1010},
    {0xaf8, 0x0},
    {0xaf9, 0x101},
    {0xaff, 0x202},
    {0xb00, 0x0},
    {0xb03, 0x202},
    {0xb04, 0x0},
    {0xb0c, 0x101},
    {0xb0e, 0x0},
    {0xb10, 0x101},
    {0xb12, 0x0},
    {0xb28, 0x101},
    {0xb29, 0x0},
    {0xb30, 0x101},
    {0xb31, 0x0},
    {0xb33, 0x101},
    {0xb34, 0x0},
    {0xb39, 0x101},
    {0xb3b, 0x0},
    {0xb3c, 0x70202},
    {0xb3d, 0x101},
    {0xb3e, 0x1000202},
    {0xb44, 0x202},
    {0xb46, 0x0},
    {0xb48, 0x202},
    {0xb4a, 0x0},
    {0xb4c, 0x202},
    {0xb4d, 0x90202},
    {0xb54, 0x0},
    {0xb55, 0x202},
    {0xb57, 0x1000202},
    {0xb5b, 0x0},
    {0xb5d, 0x1000101},
    {0xb5e, 0x0},
    {0xb61, 0x101},
    {0xb63, 0x202},
    {0xb65, 0x0},
    {0xb6f, 0x404},
    {0xb70, 0x1010},
    {0xb71, 0x101},
    {0xb77, 0x404},
    {0xb81, 0x0},
    {0xb82, 0x202},
    {0xb83, 0x101},
    {0xb84, 0x0},
    {0xb8a, 0x101},
    {0xb8d, 0x0},
    {0xb90, 0x101},
    {0xb91, 0x0},
    {0xb95, 0x101},
    {0xb98, 0x0},
    {0xb9a, 0x101},
    {0xb9b, 0x0},
    {0xb9c, 0x101},
    {0xb9d, 0x0},
    {0xb9f, 0x101},
    {0xba2, 0x0},
    {0xba4, 0x101},
    {0xba7, 0x0},
    {0xbaa, 0x101},
    {0xbad, 0x0},
    {0xbb9, 0x101},
    {0xbbd, 0x0},
    {0xbbe, 0x1000202},
    {0xbc2, 0x202},
    {0xbc5, 0x0},
    {0xbc8, 0x202},
    {0xbc9, 0x0},
    {0xbcc, 0x202},
    {0xbcd, 0x90202},
    {0xbcf, 0x0},
    {0xbd0, 0x101},
    {0xbd6, 0x0},
    {0xbd7, 0x1000202},
    {0xbe5, 0x0},
    {0xbf2, 0x404},
    {0xbfa, 0x1010},
    {0xbff, 0x0},
    {0xc04, 0x202},
    {0xc0c, 0x101},
    {0xc0d, 0x0},
    {0xc10, 0x101},
    {0xc11, 0x0},
    {0xc28, 0x101},
    {0xc29, 0x0},
    {0xc39, 0x101},
    {0xc3b, 0x0},
    {0xc3c, 0x202},
    {0xc3d, 0x101},
    {0xc44, 0x202},
    {0xc45, 0x0},
    {0xc48, 0x202},
    {0xc49, 0x0},
    {0xc4c, 0x202},
    {0xc4d, 0x90202},
    {0xc54, 0x0},
    {0xc55, 0x540202},
    {0xc56, 0x15b0202},
    {0xc57, 0x0},
    {0xc5a, 0x101},
    {0xc5b, 0x0},
    {0xc5c, 0x100},
    {0xc5d, 0x101},
    {0xc5f, 0x0},
    {0xc61, 0x101},
    {0xc63, 0x202},
    {0xc65, 0x0},
    {0xc6f, 0x404},
    {0xc76, 0x0},
    {0xc77, 0x808},
    {0xc7e, 0x404},
    {0xc7f, 0x1010},
    {0xc80, 0x101},
    {0xc83, 0x202},
    {0xc84, 0x808},
    {0xc8c, 0x101},
    {0xc8d, 0x0},
    {0xc90, 0x101},
    {0xc91, 0x0},
    {0xca8, 0x101},
    {0xca9, 0x0},
    {0xcb3, 0x101},
    {0xcb4, 0x0},
    {0xcb9, 0x101},
    {0xcbb, 0x0},
    {0xcbc, 0x70202},
    {0xcbd, 0x101},
    {0xcc1, 0x202},
    {0xcc2, 0x1000202},
    {0xcc4, 0x202},
    {0xcc5, 0x0},
    {0xcc8, 0x202},
    {0xcc9, 0x0},
    {0xccc, 0x202},
    {0xccd, 0x90202},
    {0xcd4, 0x0},
    {0xcd6, 0x1000202},
    {0xcdb, 0x0},
    {0xcdc, 0x100},
    {0xcde, 0x101},
    {0xcdf, 0x0},
    {0xce1, 0x101},
    {0xce3, 0x202},
    {0xce5, 0x0},
    {0xcef, 0x404},
    {0xcf0, 0x0},
    {0xcf2, 0x101},
    {0xcf3, 0x202},
    {0xcff, 0x0},
    {0xd03, 0x202},
    {0xd0c, 0x101},
    {0xd0d, 0x0},
    {0xd10, 0x101},
    {0xd11, 0x0},
    {0xd3a, 0x101},
    {0xd3c, 0x202},
    {0xd3d, 0x101},
    {0xd3e, 0x1000202},
    {0xd44, 0x202},
    {0xd45, 0x0},
    {0xd48, 0x202},
    {0xd49, 0x0},
    {0xd4c, 0x202},
    {0xd4d, 0x90202},
    {0xd4e, 0x101},
    {0xd4f, 0x1010},
    {0xd53, 0x0},
    {0xd56, 0x101},
    {0xd57, 0x1000202},
    {0xd5e, 0x404},
    {0xd61, 0x101},
    {0xd63, 0x202},
    {0xd65, 0x0},
    {0xd78, 0x404},
    {0xd79, 0x1010},
    {0xd7f, 0x101},
    {0xd80, 0x0},
    {0xd83, 0x202},
    {0xd84, 0x0},
    {0xd96, 0x101},
    {0xd99, 0x0},
    {0xdb1, 0x101},
    {0xdb2, 0x0},
    {0xdbb, 0x101},
    {0xdbc, 0x0},
    {0xdbd, 0x101},
    {0xdbf, 0x0},
    {0xdc6, 0x101},
    {0xdc9, 0x0},
    {0xdca, 0x1090202},
    {0xdce, 0x0},
    {0xdcf, 0x1000202},
    {0xdd4, 0x202},
    {0xdd5, 0x0},
    {0xdd6, 0x202},
    {0xdd7, 0x0},
    {0xdde, 0x202},
    {0xddf, 0x1000202},
    {0xde5, 0x0},
    {0xdef, 0x404},
    {0xdf1, 0x0},
    {0xdf3, 0x202},
    {0xdf4, 0x808},
    {0xe00, 0x0},
    {0xe30, 0x101},
    {0xe31, 0x202},
    {0xe33, 0x101},
    {0xe37, 0x202},
    {0xe39, 0x670202},
    {0xe3a, 0x90202},
    {0xe3e, 0x0},
    {0xe3f, 0x1010},
    {0xe46, 0x101},
    {0xe47, 0x202},
    {0xe4b, 0x6b0202},
    {0xe4e, 0x202},
    {0xe4f, 0x808},
    {0xe59, 0x404},
    {0xe5b, 0x808},
    {0xe80, 0x0},
    {0xe82, 0x101},
    {0xe83, 0x0},
    {0xe84, 0x101},
    {0xe85, 0x0},
    {0xe8a, 0x101},
    {0xe8b, 0x0},
    {0xea3, 0x101},
    {0xea4, 0x0},
    {0xea5, 0x101},
    {0xea6, 0x0},
    {0xeb0, 0x101},
    {0xeb1, 0x202},
    {0xeb3, 0x101},
    {0xeb7, 0x202},
    {0xeb9, 0x760202},
    {0xebc, 0x202},
    {0xebd, 0x101},
    {0xebf, 0x0},
    {0xec4, 0x101},
    {0xec5, 0x0},
    {0xec6, 0x101},
    {0xec7, 0x0},
    {0xecb, 0x7a0202},
    {0xece, 0x202},
    {0xecf, 0x0},
    {0xed9, 0x404},
    {0xedb, 0x0},
    {0xedf, 0x101},
    {0xeff, 0x0},
    {0xf00, 0x101},
    {0xf03, 0x1010},
    {0xf12, 0x808},
    {0xf13, 0x1010},
    {0xf14, 0x808},
    {0xf17, 0x1010},
    {0xf19, 0xdc0202},
    {0xf1f, 0x1010},
    {0xf33, 0x404},
    {0xf34, 0x1010},
    {0xf35, 0xdc0202},
    {0xf36, 0x1010},
    {0xf37, 0xdc0202},
    {0xf38, 0x1010},
    {0xf39, 0xd80202},
    {0xf3d, 0x808},
    {0xf3f, 0x202},
    {0xf42, 0x101},
    {0xf43, 0x1000101},
    {0xf47, 0x101},
    {0xf48, 0x0},
    {0xf4c, 0x101},
    {0xf4d, 0x1000101},
    {0xf51, 0x101},
    {0xf52, 0x1000101},
    {0xf56, 0x101},
    {0xf57, 0x1000101},
    {0xf5b, 0x101},
    {0xf5c, 0x1000101},
    {0xf68, 0x101},
    {0xf69, 0x1000101},
    {0xf6c, 0x101},
    {0xf70, 0x0},
    {0xf71, 0x810202},
    {0xf72, 0x820202},
    {0xf73, 0x1000202},
    {0xf74, 0x840202},
    {0xf76, 0x1000202},
    {0xf77, 0x202},
    {0xf78, 0x1000202},
    {0xf79, 0x202},
    {0xf7d, 0x820202},
    {0xf7f, 0x202},
    {0xf80, 0x820202},
    {0xf81, 0x1000202},
    {0xf83, 0xe60202},
    {0xf84, 0x90202},
    {0xf85, 0x808},
    {0xf87, 0xe60202},
    {0xf8c, 0x101},
    {0xf92, 0x202},
    {0xf93, 0x1000202},
    {0xf97, 0x202},
    {0xf98, 0x0},
    {0xf9c, 0x202},
    {0xf9d, 0x1000202},
    {0xfa1, 0x202},
    {0xfa2, 0x1000202},
    {0xfa6, 0x202},
    {0xfa7, 0x1000202},
    {0xfab, 0x202},
    {0xfac, 0x1000202},
    {0xfb8, 0x202},
    {0xfb9, 0x1000202},
    {0xfbc, 0x202},
    {0xfbd, 0x0},
    {0xfc5, 0x1010},
    {0xfc6, 0xdc0202},
    {0xfcc, 0x1010},
    {0xfcd, 0x0},
    {0xfcf, 0x1010},
    {0xfd4, 0x808},
    {0xfd8, 0x1010},
    {0xfda, 0x808},
    {0xfff, 0x0},
    {0x102a, 0x101},
    {0x102d, 0x202},
    {0x102e, 0x1000202},
    {0x1036, 0x202},
    {0x1037, 0x70202},
    {0x1038, 0x202},
    {0x103a, 0x90202},
    {0x103e, 0x202},
    {0x103f, 0x101},
    {0x1049, 0x404},
    {0x104f, 0x808},
    {0x1055, 0x101},
    {0x1059, 0x202},
    {0x105d, 0x101},
    {0x1060, 0x202},
    {0x1061, 0x101},
    {0x1064, 0x202},
    {0x1066, 0x101},
    {0x106d, 0x202},
    {0x1070, 0x101},
    {0x1074, 0x202},
    {0x1081, 0x101},
    {0x108c, 0x202},
    {0x108d, 0xdc0202},
    {0x108e, 0x101},
    {0x108f, 0x202},
    {0x1099, 0x404},
    {0x109d, 0x202},
    {0x109f, 0x1010},
    {0x10c5, 0x2121},
    {0x10c6, 0x0},
    {0x10c7, 0x2121},
    {0x10cc, 0x0},
    {0x10cd, 0x2121},
    {0x10cf, 0x0},
    {0x10fa, 0x4141},
    {0x10fb, 0x808},
    {0x10fc, 0x101},
    {0x10ff, 0x4141},
    {0x1160, 0x101},
    {0x1175, 0x1000101},
    {0x11a7, 0x101},
    {0x11c2, 0x1000101},
    {0x1248, 0x101},
    {0x1249, 0x0},
    {0x124d, 0x101},
    {0x124f, 0x0},
    {0x1256, 0x101},
    {0x1257, 0x0},
    {0x1258, 0x101},
    {0x1259, 0x0},
    {0x125d, 0x101},
    {0x125f, 0x0},
    {0x1288, 0x101},
    {0x1289, 0x0},
    {0x128d, 0x101},
    {0x128f, 0x0},
    {0x12b0, 0x101},
    {0x12b1, 0x0},
    {0x12b5, 0x101},
    {0x12b7, 0x0},
    {0x12be, 0x101},
    {0x12bf, 0x0},
    {0x12c0, 0x101},
    {0x12c1, 0x0},
    {0x12c5, 0x101},
    {0x12c7, 0x0},
    {0x12d6, 0x101},
    {0x12d7, 0x0},
    {0x1310, 0x101},
    {0x1311, 0x0},
    {0x1315, 0x101},
    {0x1317, 0x0},
    {0x135a, 0x101},
    {0x135c, 0x0},
    {0x135f, 0xe60202},
    {0x1368, 0x808},
    {0x137c, 0x404},
    {0x137f, 0x0},
    {0x138f, 0x101},
    {0x1399, 0x1010},
    {0x139f, 0x0},
    {0x13f5, 0x2121},
    {0x13f7, 0x0},
    {0x13fd, 0x4141},
    {0x13ff, 0x0},
    {0x1400, 0x808},
    {0x166c, 0x101},
    {0x166d, 0x1010},
    {0x166e, 0x808},
    {0x167f, 0x101},
    {0x1680, 0x8080},
    {0x169a, 0x101},
    {0x169c, 0x808},
    {0x169f, 0x0},
    {0x16ea, 0x101},
    {0x16ed, 0x808},
    {0x16f0, 0x404},
    {0x16f8, 0x101},
    {0x16ff, 0x0},
    {0x1711, 0x101},
    {0x1713, 0x202},
    {0x1714, 0x90202},
    {0x1715, 0x202},
    {0x171e, 0x0},
    {0x1731, 0x101},
    {0x1733, 0x202},
    {0x1734, 0x90202},
    {0x1736, 0x808},
    {0x173f, 0x0},
    {0x1751, 0x101},
    {0x1753, 0x202},
    {0x175f, 0x0},
    {0x176c, 0x101},
    {0x176d, 0x0},
    {0x1770, 0x101},
    {0x1771, 0x0},
    {0x1773, 0x202},
    {0x177f, 0x0},
    {0x17b3, 0x101},
    {0x17d1, 0x202},
    {0x17d2, 0x90202},
    {0x17d3, 0x202},
    {0x17d6, 0x808},
    {0x17d7, 0x101},
    {0x17da, 0x808},
    {0x17db, 0x1010},
    {0x17dc, 0x101},
    {0x17dd, 0xe60202},
    {0x17df, 0x0},
    {0x17e9, 0x404},
    {0x17ef, 0x0},
    {0x17f9, 0x404},
    {0x17ff, 0x0},
    {0x180a, 0x808},
    {0x180d, 0x202},
    {0x180e, 0x0},
    {0x180f, 0x202},
    {0x1819, 0x404},
    {0x181f, 0x0},
    {0x1878, 0x101},
    {0x187f, 0x0},
    {0x1884, 0x101},
    {0x1886, 0x202},
    {0x18a8, 0x101},
    {0x18a9, 0xe40202},
    {0x18aa, 0x101},
    {0x18af, 0x0},
    {0x18f5, 0x101},
    {0x18ff, 0x0},
    {0x191e, 0x101},
    {0x191f, 0x0},
    {0x192b, 0x202},
    {0x192f, 0x0},
    {0x1938, 0x202},
    {0x1939, 0xde0202},
    {0x193a, 0xe60202},
    {0x193b, 0xdc0202},
    {0x193f, 0x0},
    {0x1940, 0x1010},
    {0x1943, 0x0},
    {0x1945, 0x808},
    {0x194f, 0x404},
    {0x196d, 0x101},
    {0x196f, 0x0},
    {0x1974, 0x101},
    {0x197f, 0x0},
    {0x19ab, 0x101},
    {0x19af, 0x0},
    {0x19c9, 0x101},
    {0x19cf, 0x0},
    {0x19da, 0x404},
    {0x19dd, 0x0},
    {0x19ff, 0x1010},
    {0x1a16, 0x101},
    {0x1a17, 0xe60202},
    {0x1a18, 0xdc0202},
    {0x1a1b, 0x202},
    {0x1a1d, 0x0},
    {0x1a1f, 0x808},
    {0x1a54, 0x101},
    {0x1a5e, 0x202},
    {0x1a5f, 0x0},
    {0x1a60, 0x90202},
    {0x1a74, 0x202},
    {0x1a7c, 0xe60202},
    {0x1a7e, 0x0},
    {0x1a7f, 0xdc0202},
    {0x1a89, 0x404},
    {0x1a8f, 0x0},
    {0x1a99, 0x404},
    {0x1a9f, 0x0},
    {0x1aa6, 0x808},
    {0x1aa7, 0x101},
    {0x1aad, 0x808},
    {0x1aaf, 0x0},
    {0x1ab4, 0xe60202},
    {0x1aba, 0xdc0202},
    {0x1abc, 0xe60202},
    {0x1abd, 0xdc0202},
    {0x1ace, 0x202},
    {0x1add, 0x200},
    {0x1adf, 0x0},
    {0x1aeb, 0x200},
    {0x1aff, 0x0},
    {0x1b04, 0x202},
    {0x1b33, 0x101},
    {0x1b34, 0x70202},
    {0x1b35, 0x1000202},
    {0x1b43, 0x202},
    {0x1b44, 0x90202},
    {0x1b4c, 0x101},
    {0x1b4d, 0x0},
    {0x1b4f, 0x808},
    {0x1b59, 0x404},
    {0x1b60, 0x808},
    {0x1b6a, 0x1010},
    {0x1b6b, 0xe60202},
    {0x1b6c, 0xdc0202},
    {0x1b73, 0xe60202},
    {0x1b7c, 0x1010},
    {0x1b7f, 0x808},
    {0x1b82, 0x202},
    {0x1ba0, 0x101},
    {0x1ba9, 0x202},
    {0x1bab, 0x90202},
    {0x1bad, 0x202},
    {0x1baf, 0x101},
    {0x1bb9, 0x404},
    {0x1be5, 0x101},
    {0x1be6, 0x70202},
    {0x1bf1, 0x202},
    {0x1bf3, 0x90202},
    {0x1bfb, 0x0},
    {0x1bff, 0x808},
    {0x1c23, 0x101},
    {0x1c36, 0x202},
    {0x1c37, 0x70202},
    {0x1c3a, 0x0},
    {0x1c3f, 0x808},
    {0x1c49, 0x404},
    {0x1c4c, 0x0},
    {0x1c4f, 0x101},
    {0x1c59, 0x404},
    {0x1c7d, 0x101},
    {0x1c7f, 0x808},
    {0x1c88, 0x4141},
    {0x1c89, 0x2121},
    {0x1c8a, 0x4141},
    {0x1c8f, 0x0},
    {0x1cba, 0x2121},
    {0x1cbc, 0x0},
    {0x1cbf, 0x2121},
    {0x1cc7, 0x808},
    {0x1ccf, 0x0},
    {0x1cd2, 0xe60202},
    {0x1cd3, 0x808},
    {0x1cd4, 0x10202},
    {0x1cd9, 0xdc0202},
    {0x1cdb, 0xe60202},
    {0x1cdf, 0xdc0202},
    {0x1ce0, 0xe60202},
    {0x1ce1, 0x202},
    {0x1ce8, 0x10202},
    {0x1cec, 0x101},
    {0x1ced, 0xdc0202},
    {0x1cf3, 0x101},
    {0x1cf4, 0xe60202},
    {0x1cf6, 0x101},
    {0x1cf7, 0x202},
    {0x1cf9, 0xe60202},
    {0x1cfa, 0x101},
    {0x1cff, 0x0},
    {0x1d2b, 0x4141},
    {0x1d6a, 0x101},
    {0x1d77, 0x4141},
    {0x1d78, 0x101},
    {0x1d9a, 0x4141},
    {0x1dbf, 0x101},
    {0x1dc1, 0xe60202},
    {0x1dc2, 0xdc0202},
    {0x1dc9, 0xe60202},
    {0x1dca, 0xdc0202},
    {0x1dcc, 0xe60202},
    {0x1dcd, 0xea0202},
    {0x1dce, 0xd60202},
    {0x1dcf, 0xdc0202},
    {0x1dd0, 0xca0202},
    {0x1df5, 0xe60202},
    {0x1dfa, 0x202},
    {0x1dfb, 0xe60202},
    {0x1dfc, 0xe90202},
    {0x1dfd, 0xdc0202},
    {0x1dfe, 0xe60202},
    {0x1dff, 0xdc0202},
    {0x1e00, 0x2121},
    {0x1e01, 0x4141},
    {0x1e02, 0x2121},
    {0x1e03, 0x4141},
    {0x1e04, 0x2121},
    {0x1e05, 0x4141},
    {0x1e06, 0x2121},
    {0x1e07, 0x4141},
    {0x1e08, 0x2121},
    {0x1e09, 0x4141},
    {0x1e0a, 0x2121},
    {0x1e0b, 0x4141},
    {0x1e0c, 0x2121},
    {0x1e0d, 0x4141},
    {0x1e0e, 0x2121},
    {0x1e0f, 0x4141},
    {0x1e10, 0x2121},
    {0x1e11, 0x4141},
    {0x1e12, 0x2121},
    {0x1e13, 0x4141},
    {0x1e14, 0x2121},
    {0x1e15, 0x4141},
    {0x1e16, 0x2121},
    {0x1e17, 0x4141},
    {0x1e18, 0x2121},
    {0x1e19, 0x4141},
    {0x1e1a, 0x2121},
    {0x1e1b, 0x4141},
    {0x1e1c, 0x2121},
    {0x1e1d, 0x4141},
    {0x1e1e, 0x2121},
    {0x1e1f, 0x4141},
    {0x1e20, 0x2121},
    {0x1e21, 0x4141},
    {0x1e22, 0x2121},
    {0x1e23, 0x4141},
    {0x1e24, 0x2121},
    {0x1e25, 0x4141},
    {0x1e26, 0x2121},
    {0x1e27, 0x4141},
    {0x1e28, 0x2121},
    {0x1e29, 0x4141},
    {0x1e2a, 0x2121},
    {0x1e2b, 0x4141},
    {0x1e2c, 0x2121},
    {0x1e2d, 0x4141},
    {0x1e2e, 0x2121},
    {0x1e2f, 0x4141},
    {0x1e30, 0x2121},
    {0x1e31, 0x4141},
    {0x1e32, 0x2121},
    {0x1e33, 0x4141},
    {0x1e34, 0x2121},
    {0x1e35, 0x4141},
    {0x1e36, 0x2121},
    {0x1e37, 0x4141},
    {0x1e38, 0x2121},
    {0x1e39, 0x4141},
    {0x1e3a, 0x2121},
    {0x1e3b, 0x4141},
    {0x1e3c, 0x2121},
    {0x1e3d, 0x4141},
    {0x1e3e, 0x2121},
    {0x1e3f, 0x4141},
    {0x1e40, 0x2121},
    {0x1e41, 0x4141},
    {0x1e42, 0x2121},
    {0x1e43, 0x4141},
    {0x1e44, 0x2121},
    {0x1e45, 0x4141},
    {0x1e46, 0x2121},
    {0x1e47, 0x4141},
    {0x1e48, 0x2121},
    {0x1e49, 0x4141},
    {0x1e4a, 0x2121},
    {0x1e4b, 0x4141},
    {0x1e4c, 0x2121},
    {0x1e4d, 0x4141},
    {0x1e4e, 0x2121},
    {0x1e4f, 0x4141},
    {0x1e50, 0x2121},
    {0x1e51, 0x4141},
    {0x1e52, 0x2121},
    {0x1e53, 0x4141},
    {0x1e54, 0x2121},
    {0x1e55, 0x4141},
    {0x1e56, 0x2121},
    {0x1e57, 0x4141},
    {0x1e58, 0x2121},
    {0x1e59, 0x4141},
    {0x1e5a, 0x2121},
    {0x1e5b, 0x4141},
    {0x1e5c, 0x2121},
    {0x1e5d, 0x4141},
    {0x1e5e, 0x2121},
    {0x1e5f, 0x4141},
    {0x1e60, 0x2121},
    {0x1e61, 0x4141},
    {0x1e62, 0x2121},
    {0x1e63, 0x4141},
    {0x1e64, 0x2121},
    {0x1e65, 0x4141},
    {0x1e66, 0x2121},
    {0x1e67, 0x4141},
    {0x1e68, 0x2121},
    {0x1e69, 0x4141},
    {0x1e6a, 0x2121},
    {0x1e6b, 0x4141},
    {0x1e6c, 0x2121},
    {0x1e6d, 0x4141},
    {0x1e6e, 0x2121},
    {0x1e6f, 0x4141},
    {0x1e70, 0x2121},
    {0x1e71, 0x4141},
    {0x1e72, 0x2121},
    {0x1e73, 0x4141},
    {0x1e74, 0x2121},
    {0x1e75, 0x4141},
    {0x1e76, 0x2121},
    {0x1e77, 0x4141},
    {0x1e78, 0x2121},
    {0x1e79, 0x4141},
    {0x1e7a, 0x2121},
    {0x1e7b, 0x4141},
    {0x1e7c, 0x2121},
    {0x1e7d, 0x4141},
    {0x1e7e, 0x2121},
    {0x1e7f, 0x4141},
    {0x1e80, 0x2121},
    {0x1e81, 0x4141},
    {0x1e82, 0x2121},
    {0x1e83, 0x4141},
    {0x1e84, 0x2121},
    {0x1e85, 0x4141},
    {0x1e86, 0x2121},
    {0x1e87, 0x4141},
    {0x1e88, 0x2121},
    {0x1e89, 0x4141},
    {0x1e8a, 0x2121},
    {0x1e8b, 0x4141},
    {0x1e8c, 0x2121},
    {0x1e8d, 0x4141},
    {0x1e8e, 0x2121},
    {0x1e8f, 0x4141},
    {0x1e90, 0x2121},
    {0x1e91, 0x4141},
    {0x1e92, 0x2121},
    {0x1e93, 0x4141},
    {0x1e94, 0x2121},
    {0x1e9d, 0x4141},
    {0x1e9e, 0x2121},
    {0x1e9f, 0x4141},
    {0x1ea0, 0x2121},
    {0x1ea1, 0x4141},
    {0x1ea2, 0x2121},
    {0x1ea3, 0x4141},
    {0x1ea4, 0x2121},
    {0x1ea5, 0x4141},
    {0x1ea6, 0x2121},
    {0x1ea7, 0x4141},
    {0x1ea8, 0x2121},
    {0x1ea9, 0x4141},
    {0x1eaa, 0x2121},
    {0x1eab, 0x4141},
    {0x1eac, 0x2121},
    {0x1ead, 0x4141},
    {0x1eae, 0x2121},
    {0x1eaf, 0x4141},
    {0x1eb0, 0x2121},
    {0x1eb1, 0x4141},
    {0x1eb2, 0x2121},
    {0x1eb3, 0x4141},
    {0x1eb4, 0x2121},
    {0x1eb5, 0x4141},
    {0x1eb6, 0x2121},
    {0x1eb7, 0x4141},
    {0x1eb8, 0x2121},
    {0x1eb9, 0x4141},
    {0x1eba, 0x2121},
    {0x1ebb, 0x4141},
    {0x1ebc, 0x2121},
    {0x1ebd, 0x4141},
    {0x1ebe, 0x2121},
    {0x1ebf, 0x4141},
    {0x1ec0, 0x2121},
    {0x1ec1, 0x4141},
    {0x1ec2, 0x2121},
    {0x1ec3, 0x4141},
    {0x1ec4, 0x2121},
    {0x1ec5, 0x4141},
    {0x1ec6, 0x2121},
    {0x1ec7, 0x4141},
    {0x1ec8, 0x2121},
    {0x1ec9, 0x4141},
    {0x1eca, 0x2121},
    {0x1ecb, 0x4141},
    {0x1ecc, 0x2121},
    {0x1ecd, 0x4141},
    {0x1ece, 0x2121},
    {0x1ecf, 0x4141},
    {0x1ed0, 0x2121},
    {0x1ed1, 0x4141},
    {0x1ed2, 0x2121},
    {0x1ed3, 0x4141},
    {0x1ed4, 0x2121},
    {0x1ed5, 0x4141},
    {0x1ed6, 0x2121},
    {0x1ed7, 0x4141},
    {0x1ed8, 0x2121},
    {0x1ed9, 0x4141},
    {0x1eda, 0x2121},
    {0x1edb, 0x4141},
    {0x1edc, 0x2121},
    {0x1edd, 0x4141},
    {0x1ede, 0x2121},
    {0x1edf, 0x4141},
    {0x1ee0, 0x2121},
    {0x1ee1, 0x4141},
    {0x1ee2, 0x2121},
    {0x1ee3, 0x4141},
    {0x1ee4, 0x2121},
    {0x1ee5, 0x4141},
    {0x1ee6, 0x2121},
    {0x1ee7, 0x4141},
    {0x1ee8, 0x2121},
    {0x1ee9, 0x4141},
    {0x1eea, 0x2121},
    {0x1eeb, 0x4141},
    {0x1eec, 0x2121},
    {0x1eed, 0x4141},
    {0x1eee, 0x2121},
    {0x1eef, 0x4141},
    {0x1ef0, 0x2121},
    {0x1ef1, 0x4141},
    {0x1ef2, 0x2121},
    {0x1ef3, 0x4141},
    {0x1ef4, 0x2121},
    {0x1ef5, 0x4141},
    {0x1ef6, 0x2121},
    {0x1ef7, 0x4141},
    {0x1ef8, 0x2121},
    {0x1ef9, 0x4141},
    {0x1efa, 0x2121},
    {0x1efb, 0x4141},
    {0x1efc, 0x2121},
    {0x1efd, 0x4141},
    {0x1efe, 0x2121},
    {0x1f07, 0x4141},
    {0x1f0f, 0x2121},
    {0x1f15, 0x4141},
    {0x1f17, 0x0},
    {0x1f1d, 0x2121},
    {0x1f1f, 0x0},
    {0x1f27, 0x4141},
    {0x1f2f, 0x2121},
    {0x1f37, 0x4141},
    {0x1f3f, 0x2121},
    {0x1f45, 0x4141},
    {0x1f47, 0x0},
    {0x1f4d, 0x2121},
    {0x1f4f, 0x0},
    {0x1f57, 0x4141},
    {0x1f58, 0x0},
    {0x1f59, 0x2121},
    {0x1f5a, 0x0},
    {0x1f5b, 0x2121},
    {0x1f5c, 0x0},
    {0x1f5d, 0x2121},
    {0x1f5e, 0x0},
    {0x1f5f, 0x2121},
    {0x1f67, 0x4141},
    {0x1f6f, 0x2121},
    {0x1f70, 0x4141},
    {0x1f71, 0x1004141},
    {0x1f72, 0x4141},
    {0x1f73, 0x1004141},
    {0x1f74, 0x4141},
    {0x1f75, 0x1004141},
    {0x1f76, 0x4141},
    {0x1f77, 0x1004141},
    {0x1f78, 0x4141},
    {0x1f79, 0x1004141},
    {0x1f7a, 0x4141},
    {0x1f7b, 0x1004141},
    {0x1f7c, 0x4141},
    {0x1f7d, 0x1004141},
    {0x1f7f, 0x0},
    {0x1f87, 0x4141},
    {0x1f8f, 0x2121},
    {0x1f97, 0x4141},
    {0x1f9f, 0x2121},
    {0x1fa7, 0x4141},
    {0x1faf, 0x2121},
    {0x1fb4, 0x4141},
    {0x1fb5, 0x0},
    {0x1fb7, 0x4141},
    {0x1fba, 0x2121},
    {0x1fbb, 0x1002121},
    {0x1fbc, 0x2121},
    {0x1fbd, 0x1010},
    {0x1fbe, 0x1004141},
    {0x1fc1, 0x1010},
    {0x1fc4, 0x4141},
    {0x1fc5, 0x0},
    {0x1fc7, 0x4141},
    {0x1fc8, 0x2121},
    {0x1fc9, 0x1002121},
    {0x1fca, 0x2121},
    {0x1fcb, 0x1002121},
    {0x1fcc, 0x2121},
    {0x1fcf, 0x1010},
    {0x1fd2, 0x4141},
    {0x1fd3, 0x1004141},
    {0x1fd5, 0x0},
    {0x1fd7, 0x4141},
    {0x1fda, 0x2121},
    {0x1fdb, 0x1002121},
    {0x1fdc, 0x0},
    {0x1fdf, 0x1010},
    {0x1fe2, 0x4141},
    {0x1fe3, 0x1004141},
    {0x1fe7, 0x4141},
    {0x1fea, 0x2121},
    {0x1feb, 0x1002121},
    {0x1fec, 0x2121},
    {0x1fed, 0x1010},
    {0x1fef, 0x1001010},
    {0x1ff1, 0x0},
    {0x1ff4, 0x4141},
    {0x1ff5, 0x0},
    {0x1ff7, 0x4141},
    {0x1ff8, 0x2121},
    {0x1ff9, 0x1002121},
    {0x1ffa, 0x2121},
    {0x1ffb, 0x1002121},
    {0x1ffc, 0x2121},
    {0x1ffd, 0x1001010},
    {0x1ffe, 0x1010},
    {0x1fff, 0x0},
    {0x2001, 0x1008080},
    {0x200a, 0x8080},
    {0x200f, 0x0},
    {0x2027, 0x808},
    {0x2029, 0x8080},
    {0x202e, 0x0},
    {0x202f, 0x8080},
    {0x2043, 0x808},
    {0x2044, 0x1010},
    {0x2051, 0x808},
    {0x2052, 0x1010},
    {0x205e, 0x808},
    {0x205f, 0x8080},
    {0x206f, 0x0},
    {0x2070, 0x404},
    {0x2071, 0x101},
    {0x2073, 0x0},
    {0x2079, 0x404},
    {0x207c, 0x1010},
    {0x207e, 0x808},
    {0x207f, 0x101},
    {0x2089, 0x404},
    {0x208c, 0x1010},
    {0x208e, 0x808},
    {0x208f, 0x0},
    {0x209c, 0x101},
    {0x209f, 0x0},
    {0x20c0, 0x1010},
    {0x20c1, 0x1000},
    {0x20cf, 0x0},
    {0x20d1, 0xe60202},
    {0x20d3, 0x10202},
    {0x20d7, 0xe60202},
    {0x20da, 0x10202},
    {0x20dc, 0xe60202},
    {0x20e0, 0x202},
    {0x20e1, 0xe60202},
    {0x20e4, 0x202},
    {0x20e6, 0x10202},
    {0x20e7, 0xe60202},
    {0x20e8, 0xdc0202},
    {0x20e9, 0xe60202},
    {0x20eb, 0x10202},
    {0x20ef, 0xdc0202},
    {0x20f0, 0xe60202},
    {0x20ff, 0x0},
    {0x2101, 0x1010},
    {0x2102, 0x2121},
    {0x2106, 0x1010},
    {0x2107, 0x2121},
    {0x2109, 0x1010},
    {0x210a, 0x4141},
    {0x210d, 0x2121},
    {0x210f, 0x4141},
    {0x2112, 0x2121},
    {0x2113, 0x4141},
    {0x2114, 0x1010},
    {0x2115, 0x2121},
    {0x2118, 0x1010},
    {0x211d, 0x2121},
    {0x2123, 0x1010},
    {0x2124, 0x2121},
    {0x2125, 0x1010},
    {0x2126, 0x1002121},
    {0x2127, 0x1010},
    {0x2128, 0x2121},
    {0x2129, 0x1010},
    {0x212b, 0x1002121},
    {0x212d, 0x2121},
    {0x212e, 0x1010},
    {0x212f, 0x4141},
    {0x2133, 0x2121},
    {0x2134, 0x4141},
    {0x2138, 0x101},
    {0x2139, 0x4141},
    {0x213b, 0x1010},
    {0x213d, 0x4141},
    {0x213f, 0x2121},
    {0x2144, 0x1010},
    {0x2145, 0x2121},
    {0x2149, 0x4141},
    {0x214d, 0x1010},
    {0x214e, 0x4141},
    {0x214f, 0x1010},
    {0x2182, 0x404},
    {0x2183, 0x2121},
    {0x2184, 0x4141},
    {0x2189, 0x404},
    {0x218b, 0x1010},
    {0x218f, 0x0},
    {0x2307, 0x1010},
    {0x230b, 0x808},
    {0x2328, 0x1010},
    {0x232a, 0x1000808},
    {0x2429, 0x1010},
    {0x243f, 0x0},
    {0x244a, 0x1010},
    {0x245f, 0x0},
    {0x249b, 0x404},
    {0x24e9, 0x1010},
    {0x24ff, 0x404},
    {0x2767, 0x1010},
    {0x2775, 0x808},
    {0x2793, 0x404},
    {0x27c4, 0x1010},
    {0x27c6, 0x808},
    {0x27e5, 0x1010},
    {0x27ef, 0x808},
    {0x2982, 0x1010},
    {0x2998, 0x808},
    {0x29d7, 0x1010},
    {0x29db, 0x808},
    {0x29fb, 0x1010},
    {0x29fd, 0x808},
    {0x2adb, 0x1010},
    {0x2adc, 0x1001010},
    {0x2b73, 0x1010},
    {0x2b75, 0x0},
    {0x2b95, 0x1010},
    {0x2b96, 0x1000},
    {0x2bff, 0x1010},
    {0x2c2f, 0x2121},
    {0x2c5f, 0x4141},
    {0x2c60, 0x2121},
    {0x2c61, 0x4141},
    {0x2c64, 0x2121},
    {0x2c66, 0x4141},
    {0x2c67, 0x2121},
    {0x2c68, 0x4141},
    {0x2c69, 0x2121},
    {0x2c6a, 0x4141},
    {0x2c6b, 0x2121},
    {0x2c6c, 0x4141},
    {0x2c70, 0x2121},
    {0x2c71, 0x4141},
    {0x2c72, 0x2121},
    {0x2c74, 0x4141},
    {0x2c75, 0x2121},
    {0x2c7b, 0x4141},
    {0x2c7d, 0x101},
    {0x2c80, 0x2121},
    {0x2c81, 0x4141},
    {0x2c82, 0x2121},
    {0x2c83, 0x4141},
    {0x2c84, 0x2121},
    {0x2c85, 0x4141},
    {0x2c86, 0x2121},
    {0x2c87, 0x4141},
    {0x2c88, 0x2121},
    {0x2c89, 0x4141},
    {0x2c8a, 0x2121},
    {0x2c8b, 0x4141},
    {0x2c8c, 0x2121},
    {0x2c8d, 0x4141},
    {0x2c8e, 0x2121},
    {0x2c8f, 0x4141},
    {0x2c90, 0x2121},
    {0x2c91, 0x4141},
    {0x2c92, 0x2121},
    {0x2c93, 0x4141},
    {0x2c94, 0x2121},
    {0x2c95, 0x4141},
    {0x2c96, 0x2121},
    {0x2c97, 0x4141},
    {0x2c98, 0x2121},
    {0x2c99, 0x4141},
    {0x2c9a, 0x2121},
    {0x2c9b, 0x4141},
    {0x2c9c, 0x2121},
    {0x2c9d, 0x4141},
    {0x2c9e, 0x2121},
    {0x2c9f, 0x4141},
    {0x2ca0, 0x2121},
    {0x2ca1, 0x4141},
    {0x2ca2, 0x2121},
    {0x2ca3, 0x4141},
    {0x2ca4, 0x2121},
    {0x2ca5, 0x4141},
    {0x2ca6, 0x2121},
    {0x2ca7, 0x4141},
    {0x2ca8, 0x2121},
    {0x2ca9, 0x4141},
    {0x2caa, 0x2121},
    {0x2cab, 0x4141},
    {0x2cac, 0x2121},
    {0x2cad, 0x4141},
    {0x2cae, 0x2121},
    {0x2caf, 0x4141},
    {0x2cb0, 0x2121},
    {0x2cb1, 0x4141},
    {0x2cb2, 0x2121},
    {0x2cb3, 0x4141},
    {0x2cb4, 0x2121},
    {0x2cb5, 0x4141},
    {0x2cb6, 0x2121},
    {0x2cb7, 0x4141},
    {0x2cb8, 0x2121},
    {0x2cb9, 0x4141},
    {0x2cba, 0x2121},
    {0x2cbb, 0x4141},
    {0x2cbc, 0x2121},
    {0x2cbd, 0x4141},
    {0x2cbe, 0x2121},
    {0x2cbf, 0x4141},
    {0x2cc0, 0x2121},
    {0x2cc1, 0x4141},
    {0x2cc2, 0x2121},
    {0x2cc3, 0x4141},
    {0x2cc4, 0x2121},
    {0x2cc5, 0x4141},
    {0x2cc6, 0x2121},
    {0x2cc7, 0x4141},
    {0x2cc8, 0x2121},
    {0x2cc9, 0x4141},
    {0x2cca, 0x2121},
    {0x2ccb, 0x4141},
    {0x2ccc, 0x2121},
    {0x2ccd, 0x4141},
    {0x2cce, 0x2121},
    {0x2ccf, 0x4141},
    {0x2cd0, 0x2121},
    {0x2cd1, 0x4141},
    {0x2cd2, 0x2121},
    {0x2cd3, 0x4141},
    {0x2cd4, 0x2121},
    {0x2cd5, 0x4141},
    {0x2cd6, 0x2121},
    {0x2cd7, 0x4141},
    {0x2cd8, 0x2121},
    {0x2cd9, 0x4141},
    {0x2cda, 0x2121},
    {0x2cdb, 0x4141},
    {0x2cdc, 0x2121},
    {0x2cdd, 0x4141},
    {0x2cde, 0x2121},
    {0x2cdf, 0x4141},
    {0x2ce0, 0x2121},
    {0x2ce1, 0x4141},
    {0x2ce2, 0x2121},
    {0x2ce4, 0x4141},
    {0x2cea, 0x1010},
    {0x2ceb, 0x2121},
    {0x2cec, 0x4141},
    {0x2ced, 0x2121},
    {0x2cee, 0x4141},
    {0x2cf1, 0xe60202},
    {0x2cf2, 0x2121},
    {0x2cf3, 0x4141},
    {0x2cf8, 0x0},
    {0x2cfc, 0x808},
    {0x2cfd, 0x404},
    {0x2cff, 0x808},
    {0x2d25, 0x4141},
    {0x2d26, 0x0},
    {0x2d27, 0x4141},
    {0x2d2c, 0x0},
    {0x2d2d, 0x4141},
    {0x2d2f, 0x0},
    {0x2d67, 0x101},
    {0x2d6e, 0x0},
    {0x2d6f, 0x101},
    {0x2d70, 0x808},
    {0x2d7e, 0x0},
    {0x2d7f, 0x90202},
    {0x2d96, 0x101},
    {0x2d9f, 0x0},
    {0x2da6, 0x101},
    {0x2da7, 0x0},
    {0x2dae, 0x101},
    {0x2daf, 0x0},
    {0x2db6, 0x101},
    {0x2db7, 0x0},
    {0x2dbe, 0x101},
    {0x2dbf, 0x0},
    {0x2dc6, 0x101},
    {0x2dc7, 0x0},
    {0x2dce, 0x101},
    {0x2dcf, 0x0},
    {0x2dd6, 0x101},
    {0x2dd7, 0x0},
    {0x2dde, 0x101},
    {0x2ddf, 0x0},
    {0x2dff, 0xe60202},
    {0x2e2e, 0x808},
    {0x2e2f, 0x101},
    {0x2e4f, 0x808},
    {0x2e51, 0x1010},
    {0x2e5d, 0x808},
    {0x2e7f, 0x0},
    {0x2e99, 0x1010},
    {0x2e9a, 0x0},
    {0x2ef3, 0x1010},
    {0x2eff, 0x0},
    {0x2fd5, 0x1010},
    {0x2fef, 0x0},
    {0x2fff, 0x1010},
    {0x3000, 0x8080},
    {0x3003, 0x808},
    {0x3004, 0x1010},
    {0x3006, 0x101},
    {0x3007, 0x404},
    {0x3011, 0x808},
    {0x3013, 0x1010},
    {0x301f, 0x808},
    {0x3020, 0x1010},
    {0x3029, 0x404},
    {0x302a, 0xda0202},
    {0x302b, 0xe40202},
    {0x302c, 0xe80202},
    {0x302d, 0xde0202},
    {0x302f, 0xe00202},
    {0x3030, 0x808},
    {0x3035, 0x101},
    {0x3037, 0x1010},
    {0x303a, 0x404},
    {0x303c, 0x101},
    {0x303d, 0x808},
    {0x303f, 0x1010},
    {0x3040, 0x0},
    {0x3096, 0x101},
    {0x3098, 0x0},
    {0x309a, 0x1080202},
    {0x309c, 0x1010},
    {0x309f, 0x101},
    {0x30a0, 0x808},
    {0x30fa, 0x101},
    {0x30fb, 0x808},
    {0x30ff, 0x101},
    {0x3104, 0x0},
    {0x312f, 0x101},
    {0x3130, 0x0},
    {0x318e, 0x101},
    {0x318f, 0x0},
    {0x3191, 0x1010},
    {0x3195, 0x404},
    {0x319f, 0x1010},
    {0x31bf, 0x101},
    {0x31e5, 0x1010},
    {0x31ee, 0x0},
    {0x31ef, 0x1010},
    {0x31ff, 0x101},
    {0x321e, 0x1010},
    {0x321f, 0x0},
    {0x3229, 0x404},
    {0x3247, 0x1010},
    {0x324f, 0x404},
    {0x3250, 0x1010},
    {0x325f, 0x404},
    {0x327f, 0x1010},
    {0x3289, 0x404},
    {0x32b0, 0x1010},
    {0x32bf, 0x404},
    {0x33ff, 0x1010},
    {0x4dbf, 0x101},
    {0x4dff, 0x1010},
    {0xa48c, 0x101},
    {0xa48f, 0x0},
    {0xa4c6, 0x1010},
    {0xa4cf, 0x0},
    {0xa4fd, 0x101},
    {0xa4ff, 0x808},
    {0xa60c, 0x101},
    {0xa60f, 0x808},
    {0xa61f, 0x101},
    {0xa629, 0x404},
    {0xa62b, 0x101},
    {0xa63f, 0x0},
    {0xa640, 0x2121},
    {0xa641, 0x4141},
    {0xa642, 0x2121},
    {0xa643, 0x4141},
    {0xa644, 0x2121},
    {0xa645, 0x4141},
    {0xa646, 0x2121},
    {0xa647, 0x4141},
    {0xa648, 0x2121},
    {0xa649, 0x4141},
    {0xa64a, 0x2121},
    {0xa64b, 0x4141},
    {0xa64c, 0x2121},
    {0xa64d, 0x4141},
    {0xa64e, 0x2121},
    {0xa64f, 0x4141},
    {0xa650, 0x2121},
    {0xa651, 0x4141},
    {0xa652, 0x2121},
    {0xa653, 0x4141},
    {0xa654, 0x2121},
    {0xa655, 0x4141},
    {0xa656, 0x2121},
    {0xa657, 0x4141},
    {0xa658, 0x2121},
    {0xa659, 0x4141},
    {0xa65a, 0x2121},
    {0xa65b, 0x4141},
    {0xa65c, 0x2121},
    {0xa65d, 0x4141},
    {0xa65e, 0x2121},
    {0xa65f, 0x4141},
    {0xa660, 0x2121},
    {0xa661, 0x4141},
    {0xa662, 0x2121},
    {0xa663, 0x4141},
    {0xa664, 0x2121},
    {0xa665, 0x4141},
    {0xa666, 0x2121},
    {0xa667, 0x4141},
    {0xa668, 0x2121},
    {0xa669, 0x4141},
    {0xa66a, 0x2121},
    {0xa66b, 0x4141},
    {0xa66c, 0x2121},
    {0xa66d, 0x4141},
    {0xa66e, 0x101},
    {0xa66f, 0xe60202},
    {0xa672, 0x202},
    {0xa673, 0x808},
    {0xa67d, 0xe60202},
    {0xa67e, 0x808},
    {0xa67f, 0x101},
    {0xa680, 0x2121},
    {0xa681, 0x4141},
    {0xa682, 0x2121},
    {0xa683, 0x4141},
    {0xa684, 0x2121},
    {0xa685, 0x4141},
    {0xa686, 0x2121},
    {0xa687, 0x4141},
    {0xa688, 0x2121},
    {0xa689, 0x4141},
    {0xa68a, 0x2121},
    {0xa68b, 0x4141},
    {0xa68c, 0x2121},
    {0xa68d, 0x4141},
    {0xa68e, 0x2121},
    {0xa68f, 0x4141},
    {0xa690, 0x2121},
    {0xa691, 0x4141},
    {0xa692, 0x2121},
    {0xa693, 0x4141},
    {0xa694, 0x2121},
    {0xa695, 0x4141},
    {0xa696, 0x2121},
    {0xa697, 0x4141},
    {0xa698, 0x2121},
    {0xa699, 0x4141},
    {0xa69a, 0x2121},
    {0xa69b, 0x4141},
    {0xa69d, 0x101},
    {0xa69f, 0xe60202},
    {0xa6e5, 0x101},
    {0xa6ef, 0x404},
    {0xa6f1, 0xe60202},
    {0xa6f7, 0x808},
    {0xa6ff, 0x0},
    {0xa716, 0x1010},
    {0xa71f, 0x101},
    {0xa721, 0x1010},
    {0xa722, 0x2121},
    {0xa723, 0x4141},
    {0xa724, 0x2121},
    {0xa725, 0x4141},
    {0xa726, 0x2121},
    {0xa727, 0x4141},
    {0xa728, 0x2121},
    {0xa729, 0x4141},
    {0xa72a, 0x2121},
    {0xa72b, 0x4141},
    {0xa72c, 0x2121},
    {0xa72d, 0x4141},
    {0xa72e, 0x2121},
    {0xa731, 0x4141},
    {0xa732, 0x2121},
    {0xa733, 0x4141},
    {0xa734, 0x2121},
    {0xa735, 0x4141},
    {0xa736, 0x2121},
    {0xa737, 0x4141},
    {0xa738, 0x2121},
    {0xa739, 0x4141},
    {0xa73a, 0x2121},
    {0xa73b, 0x4141},
    {0xa73c, 0x2121},
    {0xa73d, 0x4141},
    {0xa73e, 0x2121},
    {0xa73f, 0x4141},
    {0xa740, 0x2121},
    {0xa741, 0x4141},
    {0xa742, 0x2121},
    {0xa743, 0x4141},
    {0xa744, 0x2121},
    {0xa745, 0x4141},
    {0xa746, 0x2121},
    {0xa747, 0x4141},
    {0xa748, 0x2121},
    {0xa749, 0x4141},
    {0xa74a, 0x2121},
    {0xa74b, 0x4141},
    {0xa74c, 0x2121},
    {0xa74d, 0x4141},
    {0xa74e, 0x2121},
    {0xa74f, 0x4141},
    {0xa750, 0x2121},
    {0xa751, 0x4141},
    {0xa752, 0x2121},
    {0xa753, 0x4141},
    {0xa754, 0x2121},
    {0xa755, 0x4141},
    {0xa756, 0x2121},
    {0xa757, 0x4141},
    {0xa758, 0x2121},
    {0xa759, 0x4141},
    {0xa75a, 0x2121},
    {0xa75b, 0x4141},
    {0xa75c, 0x2121},
    {0xa75d, 0x4141},
    {0xa75e, 0x2121},
    {0xa75f, 0x4141},
    {0xa760, 0x2121},
    {0xa761, 0x4141},
    {0xa762, 0x2121},
    {0xa763, 0x4141},
    {0xa764, 0x2121},
    {0xa765, 0x4141},
    {0xa766, 0x2121},
    {0xa767, 0x4141},
    {0xa768, 0x2121},
    {0xa769, 0x4141},
    {0xa76a, 0x2121},
    {0xa76b, 0x4141},
    {0xa76c, 0x2121},
    {0xa76d, 0x4141},
    {0xa76e, 0x2121},
    {0xa76f, 0x4141},
    {0xa770, 0x101},
    {0xa778, 0x4141},
    {0xa779, 0x2121},
    {0xa77a, 0x4141},
    {0xa77b, 0x2121},
    {0xa77c, 0x4141},
    {0xa77e, 0x2121},
    {0xa77f, 0x4141},
    {0xa780, 0x2121},
    {0xa781, 0x4141},
    {0xa782, 0x2121},
    {0xa783, 0x4141},
    {0xa784, 0x2121},
    {0xa785, 0x4141},
    {0xa786, 0x2121},
    {0xa787, 0x4141},
    {0xa788, 0x101},
    {0xa78a, 0x1010},
    {0xa78b, 0x2121},
    {0xa78c, 0x4141},
    {0xa78d, 0x2121},
    {0xa78e, 0x4141},
    {0xa78f, 0x101},
    {0xa790, 0x2121},
    {0xa791, 0x4141},
    {0xa792, 0x2121},
    {0xa795, 0x4141},
    {0xa796, 0x2121},
    {0xa797, 0x4141},
    {0xa798, 0x2121},
    {0xa799, 0x4141},
    {0xa79a, 0x2121},
    {0xa79b, 0x4141},
    {0xa79c, 0x2121},
    {0xa79d, 0x4141},
    {0xa79e, 0x2121},
    {0xa79f, 0x4141},
    {0xa7a0, 0x2121},
    {0xa7a1, 0x4141},
    {0xa7a2, 0x2121},
    {0xa7a3, 0x4141},
    {0xa7a4, 0x2121},
    {0xa7a5, 0x4141},
    {0xa7a6, 0x2121},
    {0xa7a7, 0x4141},
    {0xa7a8, 0x2121},
    {0xa7a9, 0x4141},
    {0xa7ae, 0x2121},
    {0xa7af, 0x4141},
    {0xa7b4, 0x2121},
    {0xa7b5, 0x4141},
    {0xa7b6, 0x2121},
    {0xa7b7, 0x4141},
    {0xa7b8, 0x2121},
    {0xa7b9, 0x4141},
    {0xa7ba, 0x2121},
    {0xa7bb, 0x4141},
    {0xa7bc, 0x2121},
    {0xa7bd, 0x4141},
    {0xa7be, 0x2121},
    {0xa7bf, 0x4141},
    {0xa7c0, 0x2121},
    {0xa7c1, 0x4141},
    {0xa7c2, 0x2121},
    {0xa7c3, 0x4141},
    {0xa7c7, 0x2121},
    {0xa7c8, 0x4141},
    {0xa7c9, 0x2121},
    {0xa7ca, 0x4141},
    {0xa7cc, 0x2121},
    {0xa7cd, 0x4141},
    {0xa7ce, 0x2100},
    {0xa7cf, 0x4100},
    {0xa7d0, 0x2121},
    {0xa7d1, 0x4141},
    {0xa7d2, 0x2100},
    {0xa7d3, 0x4141},
    {0xa7d4, 0x2100},
    {0xa7d5, 0x4141},
    {0xa7d6, 0x2121},
    {0xa7d7, 0x4141},
    {0xa7d8, 0x2121},
    {0xa7d9, 0x4141},
    {0xa7da, 0x2121},
    {0xa7db, 0x4141},
    {0xa7dc, 0x2121},
    {0xa7f0, 0x0},
    {0xa7f1, 0x100},
    {0xa7f4, 0x101},
    {0xa7f5, 0x2121},
    {0xa7f6, 0x4141},
    {0xa7f9, 0x101},
    {0xa7fa, 0x4141},
    {0xa801, 0x101},
    {0xa802, 0x202},
    {0xa805, 0x101},
    {0xa806, 0x90202},
    {0xa80a, 0x101},
    {0xa80b, 0x202},
    {0xa822, 0x101},
    {0xa827, 0x202},
    {0xa82b, 0x1010},
    {0xa82c, 0x202},
    {0xa82f, 0x0},
    {0xa835, 0x404},
    {0xa839, 0x1010},
    {0xa83f, 0x0},
    {0xa873, 0x101},
    {0xa877, 0x808},
    {0xa87f, 0x0},
    {0xa881, 0x202},
    {0xa8b3, 0x101},
    {0xa8c3, 0x202},
    {0xa8c4, 0x90202},
    {0xa8c5, 0x202},
    {0xa8cd, 0x0},
    {0xa8cf, 0x808},
    {0xa8d9, 0x404},
    {0xa8df, 0x0},
    {0xa8f1, 0xe60202},
    {0xa8f7, 0x101},
    {0xa8fa, 0x808},
    {0xa8fb, 0x101},
    {0xa8fc, 0x808},
    {0xa8fe, 0x101},
    {0xa8ff, 0x202},
    {0xa909, 0x404},
    {0xa925, 0x101},
    {0xa92a, 0x202},
    {0xa92d, 0xdc0202},
    {0xa92f, 0x808},
    {0xa946, 0x101},
    {0xa952, 0x202},
    {0xa953, 0x90202},
    {0xa95e, 0x0},
    {0xa95f, 0x808},
    {0xa97c, 0x101},
    {0xa97f, 0x0},
    {0xa983, 0x202},
    {0xa9b2, 0x101},
    {0xa9b3, 0x70202},
    {0xa9bf, 0x202},
    {0xa9c0, 0x90202},
    {0xa9cd, 0x808},
    {0xa9ce, 0x0},
    {0xa9cf, 0x101},
    {0xa9d9, 0x404},
    {0xa9dd, 0x0},
    {0xa9df, 0x808},
    {0xa9e4, 0x101},
    {0xa9e5, 0x202},
    {0xa9ef, 0x101},
    {0xa9f9, 0x404},
    {0xa9fe, 0x101},
    {0xa9ff, 0x0},
    {0xaa28, 0x101},
    {0xaa36, 0x202},
    {0xaa3f, 0x0},
    {0xaa42, 0x101},
    {0xaa43, 0x202},
    {0xaa4b, 0x101},
    {0xaa4d, 0x202},
    {0xaa4f, 0x0},
    {0xaa59, 0x404},
    {0xaa5b, 0x0},
    {0xaa5f, 0x808},
    {0xaa76, 0x101},
    {0xaa79, 0x1010},
    {0xaa7a, 0x101},
    {0xaa7d, 0x202},
    {0xaaaf, 0x101},
    {0xaab0, 0xe60202},
    {0xaab1, 0x101},
    {0xaab3, 0xe60202},
    {0xaab4, 0xdc0202},
    {0xaab6, 0x101},
    {0xaab8, 0xe60202},
    {0xaabd, 0x101},
    {0xaabf, 0xe60202},
    {0xaac0, 0x101},
    {0xaac1, 0xe60202},
    {0xaac2, 0x101},
    {0xaada, 0x0},
    {0xaadd, 0x101},
    {0xaadf, 0x808},
    {0xaaea, 0x101},
    {0xaaef, 0x202},
    {0xaaf1, 0x808},
    {0xaaf4, 0x101},
    {0xaaf5, 0x202},
    {0xaaf6, 0x90202},
    {0xab00, 0x0},
    {0xab06, 0x101},
    {0xab08, 0x0},
    {0xab0e, 0x101},
    {0xab10, 0x0},
    {0xab16, 0x101},
    {0xab1f, 0x0},
    {0xab26, 0x101},
    {0xab27, 0x0},
    {0xab2e, 0x101},
    {0xab2f, 0x0},
    {0xab5a, 0x4141},
    {0xab5b, 0x1010},
    {0xab5f, 0x101},
    {0xab68, 0x4141},
    {0xab69, 0x101},
    {0xab6b, 0x1010},
    {0xab6f, 0x0},
    {0xabbf, 0x4141},
    {0xabe2, 0x101},
    {0xabea, 0x202},
    {0xabeb, 0x808},
    {0xabec, 0x202},
    {0xabed, 0x90202},
    {0xabef, 0x0},
    {0xabf9, 0x404},
    {0xabff, 0x0},
    {0xd7a3, 0x101},
    {0xd7af, 0x0},
    {0xd7c6, 0x101},
    {0xd7ca, 0x0},
    {0xd7fb, 0x101},
    {0xf8ff, 0x0},
    {0xfa0d, 0x1000101},
    {0xfa0f, 0x101},
    {0xfa10, 0x1000101},
    {0xfa11, 0x101},
    {0xfa12, 0x1000101},
    {0xfa14, 0x101},
    {0xfa1e, 0x1000101},
    {0xfa1f, 0x101},
    {0xfa20, 0x1000101},
    {0xfa21, 0x101},
    {0xfa22, 0x1000101},
    {0xfa24, 0x101},
    {0xfa26, 0x1000101},
    {0xfa29, 0x101},
    {0xfa6d, 0x1000101},
    {0xfa6f, 0x0},
    {0xfad9, 0x1000101},
    {0xfaff, 0x0},
    {0xfb06, 0x4141},
    {0xfb12, 0x0},
    {0xfb17, 0x4141},
    {0xfb1c, 0x0},
    {0xfb1d, 0x1000101},
    {0xfb1e, 0x1a0202},
    {0xfb1f, 0x1000101},
    {0xfb28, 0x101},
    {0xfb29, 0x1010},
    {0xfb36, 0x1000101},
    {0xfb37, 0x0},
    {0xfb3c, 0x1000101},
    {0xfb3d, 0x0},
    {0xfb3e, 0x1000101},
    {0xfb3f, 0x0},
    {0xfb41, 0x1000101},
    {0xfb42, 0x0},
    {0xfb44, 0x1000101},
    {0xfb45, 0x0},
    {0xfb4e, 0x1000101},
    {0xfbb1, 0x101},
    {0xfbc2, 0x1010},
    {0xfbd2, 0x1000},
    {0xfd3d, 0x101},
    {0xfd3f, 0x808},
    {0xfd4f, 0x1010},
    {0xfd8f, 0x101},
    {0xfd91, 0x1000},
    {0xfdc7, 0x101},
    {0xfdce, 0x1000},
    {0xfdcf, 0x1010},
    {0xfdef, 0x0},
    {0xfdfb, 0x101},
    {0xfdff, 0x1010},
    {0xfe0f, 0x202},
    {0xfe19, 0x808},
    {0xfe1f, 0x0},
    {0xfe26, 0xe60202},
    {0xfe2d, 0xdc0202},
    {0xfe2f, 0xe60202},
    {0xfe52, 0x808},
    {0xfe53, 0x0},
    {0xfe61, 0x808},
    {0xfe62, 0x1010},
    {0xfe63, 0x808},
    {0xfe66, 0x1010},
    {0xfe67, 0x0},
    {0xfe68, 0x808},
    {0xfe69, 0x1010},
    {0xfe6b, 0x808},
    {0xfe6f, 0x0},
    {0xfe74, 0x101},
    {0xfe75, 0x0},
    {0xfefc, 0x101},
    {0xff00, 0x0},
    {0xff03, 0x808},
    {0xff04, 0x1010},
    {0xff0a, 0x808},
    {0xff0b, 0x1010},
    {0xff0f, 0x808},
    {0xff19, 0x404},
    {0xff1b, 0x808},
    {0xff1e, 0x1010},
    {0xff20, 0x808},
    {0xff3a, 0x2121},
    {0xff3d, 0x808},
    {0xff3e, 0x1010},
    {0xff3f, 0x808},
    {0xff40, 0x1010},
    {0xff5a, 0x4141},
    {0xff5b, 0x808},
    {0xff5c, 0x1010},
    {0xff5d, 0x808},
    {0xff5e, 0x1010},
    {0xff65, 0x808},
    {0xffbe, 0x101},
    {0xffc1, 0x0},
    {0xffc7, 0x101},
    {0xffc9, 0x0},
    {0xffcf, 0x101},
    {0xffd1, 0x0},
    {0xffd7, 0x101},
    {0xffd9, 0x0},
    {0xffdc, 0x101},
    {0xffdf, 0x0},
    {0xffe6, 0x1010},
    {0xffe7, 0x0},
    {0xffee, 0x1010},
    {0xfffb, 0x0},
    {0xfffd, 0x1010},
    {0xffff, 0x0},
    {0x1000b, 0x101},
    {0x1000c, 0x0},
    {0x10026, 0x101},
    {0x10027, 0x0},
    {0x1003a, 0x101},
    {0x1003b, 0x0},
    {0x1003d, 0x101},
    {0x1003e, 0x0},
    {0x1004d, 0x101},
    {0x1004f, 0x0},
    {0x1005d, 0x101},
    {0x1007f, 0x0},
    {0x100fa, 0x101},
    {0x100ff, 0x0},
    {0x10102, 0x808},
    {0x10106, 0x0},
    {0x10133, 0x404},
    {0x10136, 0x0},
    {0x1013f, 0x1010},
    {0x10178, 0x404},
    {0x10189, 0x1010},
    {0x1018b, 0x404},
    {0x1018e, 0x1010},
    {0x1018f, 0x0},
    {0x1019c, 0x1010},
    {0x1019f, 0x0},
    {0x101a0, 0x1010},
    {0x101cf, 0x0},
    {0x101fc, 0x1010},
    {0x101fd, 0xdc0202},
    {0x1027f, 0x0},
    {0x1029c, 0x101},
    {0x1029f, 0x0},
    {0x102d0, 0x101},
    {0x102df, 0x0},
    {0x102e0, 0xdc0202},
    {0x102fb, 0x404},
    {0x102ff, 0x0},
    {0x1031f, 0x101},
    {0x10323, 0x404},
    {0x1032c, 0x0},
    {0x10340, 0x101},
    {0x10341, 0x404},
    {0x10349, 0x101},
    {0x1034a, 0x404},
    {0x1034f, 0x0},
    {0x10375, 0x101},
    {0x1037a, 0xe60202},
    {0x1037f, 0x0},
    {0x1039d, 0x101},
    {0x1039e, 0x0},
    {0x1039f, 0x808},
    {0x103c3, 0x101},
    {0x103c7, 0x0},
    {0x103cf, 0x101},
    {0x103d0, 0x808},
    {0x103d5, 0x404},
    {0x103ff, 0x0},
    {0x10427, 0x2121},
    {0x1044f, 0x4141},
    {0x1049d, 0x101},
    {0x1049f, 0x0},
    {0x104a9, 0x404},
    {0x104af, 0x0},
    {0x104d3, 0x2121},
    {0x104d7, 0x0},
    {0x104fb, 0x4141},
    {0x104ff, 0x0},
    {0x10527, 0x101},
    {0x1052f, 0x0},
    {0x10563, 0x101},
    {0x1056e, 0x0},
    {0x1056f, 0x808},
    {0x1057a, 0x2121},
    {0x1057b, 0x0},
    {0x1058a, 0x2121},
    {0x1058b, 0x0},
    {0x10592, 0x2121},
    {0x10593, 0x0},
    {0x10595, 0x2121},
    {0x10596, 0x0},
    {0x105a1, 0x4141},
    {0x105a2, 0x0},
    {0x105b1, 0x4141},
    {0x105b2, 0x0},
    {0x105b9, 0x4141},
    {0x105ba, 0x0},
    {0x105bc, 0x4141},
    {0x105bf, 0x0},
    {0x105f3, 0x101},
    {0x105ff, 0x0},
    {0x10736, 0x101},
    {0x1073f, 0x0},
    {0x10755, 0x101},
    {0x1075f, 0x0},
    {0x10767, 0x101},
    {0x1077f, 0x0},
    {0x10785, 0x101},
    {0x10786, 0x0},
    {0x107b0, 0x101},
    {0x107b1, 0x0},
    {0x107ba, 0x101},
    {0x107ff, 0x0},
    {0x10805, 0x101},
    {0x10807, 0x0},
    {0x10808, 0x101},
    {0x10809, 0x0},
    {0x10835, 0x101},
    {0x10836, 0x0},
    {0x10838, 0x101},
    {0x1083b, 0x0},
    {0x1083c, 0x101},
    {0x1083e, 0x0},
    {0x10855, 0x101},
    {0x10856, 0x0},
    {0x10857, 0x808},
    {0x1085f, 0x404},
    {0x10876, 0x101},
    {0x10878, 0x1010},
    {0x1087f, 0x404},
    {0x1089e, 0x101},
    {0x108a6, 0x0},
    {0x108af, 0x404},
    {0x108df, 0x0},
    {0x108f2, 0x101},
    {0x108f3, 0x0},
    {0x108f5, 0x101},
    {0x108fa, 0x0},
    {0x108ff, 0x404},
    {0x10915, 0x101},
    {0x1091b, 0x404},
    {0x1091e, 0x0},
    {0x1091f, 0x808},
    {0x10939, 0x101},
    {0x1093e, 0x0},
    {0x1093f, 0x808},
    {0x10959, 0x100},
    {0x1097f, 0x0},
    {0x109b7, 0x101},
    {0x109bb, 0x0},
    {0x109bd, 0x404},
    {0x109bf, 0x101},
    {0x109cf, 0x404},
    {0x109d1, 0x0},
    {0x109ff, 0x404},
    {0x10a00, 0x101},
    {0x10a03, 0x202},
    {0x10a04, 0x0},
    {0x10a06, 0x202},
    {0x10a0b, 0x0},
    {0x10a0c, 0x202},
    {0x10a0d, 0xdc0202},
    {0x10a0e, 0x202},
    {0x10a0f, 0xe60202},
    {0x10a13, 0x101},
    {0x10a14, 0x0},
    {0x10a17, 0x101},
    {0x10a18, 0x0},
    {0x10a35, 0x101},
    {0x10a37, 0x0},
    {0x10a38, 0xe60202},
    {0x10a39, 0x10202},
    {0x10a3a, 0xdc0202},
    {0x10a3e, 0x0},
    {0x10a3f, 0x90202},
    {0x10a48, 0x404},
    {0x10a4f, 0x0},
    {0x10a58, 0x808},
    {0x10a5f, 0x0},
    {0x10a7c, 0x101},
    {0x10a7e, 0x404},
    {0x10a7f, 0x808},
    {0x10a9c, 0x101},
    {0x10a9f, 0x404},
    {0x10abf, 0x0},
    {0x10ac7, 0x101},
    {0x10ac8, 0x1010},
    {0x10ae4, 0x101},
    {0x10ae5, 0xe60202},
    {0x10ae6, 0xdc0202},
    {0x10aea, 0x0},
    {0x10aef, 0x404},
    {0x10af6, 0x808},
    {0x10aff, 0x0},
    {0x10b35, 0x101},
    {0x10b38, 0x0},
    {0x10b3f, 0x808},
    {0x10b55, 0x101},
    {0x10b57, 0x0},
    {0x10b5f, 0x404},
    {0x10b72, 0x101},
    {0x10b77, 0x0},
    {0x10b7f, 0x404},
    {0x10b91, 0x101},
    {0x10b98, 0x0},
    {0x10b9c, 0x808},
    {0x10ba8, 0x0},
    {0x10baf, 0x404},
    {0x10bff, 0x0},
    {0x10c48, 0x101},
    {0x10c7f, 0x0},
    {0x10cb2, 0x2121},
    {0x10cbf, 0x0},
    {0x10cf2, 0x4141},
    {0x10cf9, 0x0},
    {0x10cff, 0x404},
    {0x10d23, 0x101},
    {0x10d27, 0x202},
    {0x10d2f, 0x0},
    {0x10d39, 0x404},
    {0x10d3f, 0x0},
    {0x10d49, 0x404},
    {0x10d4f, 0x101},
    {0x10d65, 0x2121},
    {0x10d68, 0x0},
    {0x10d6d, 0x202},
    {0x10d6e, 0x808},
    {0x10d6f, 0x101},
    {0x10d85, 0x4141},
    {0x10d8d, 0x0},
    {0x10d8f, 0x1010},
    {0x10e5f, 0x0},
    {0x10e7e, 0x404},
    {0x10e7f, 0x0},
    {0x10ea9, 0x101},
    {0x10eaa, 0x0},
    {0x10eac, 0x202},
    {0x10ead, 0x808},
    {0x10eaf, 0x0},
    {0x10eb1, 0x101},
    {0x10ec1, 0x0},
    {0x10ec4, 0x101},
    {0x10ec7, 0x100},
    {0x10ecf, 0x0},
    {0x10ed0, 0x800},
    {0x10ed8, 0x1000},
    {0x10ef9, 0x0},
    {0x10efb, 0x200},
    {0x10eff, 0x202},
    {0x10f1c, 0x101},
    {0x10f26, 0x404},
    {0x10f27, 0x101},
    {0x10f2f, 0x0},
    {0x10f45, 0x101},
    {0x10f50, 0x202},
    {0x10f54, 0x404},
    {0x10f59, 0x808},
    {0x10f6f, 0x0},
    {0x10f81, 0x101},
    {0x10f85, 0x202},
    {0x10f89, 0x808},
    {0x10faf, 0x0},
    {0x10fc4, 0x101},
    {0x10fcb, 0x404},
    {0x10fdf, 0x0},
    {0x10ff6, 0x101},
    {0x10fff, 0x0},
    {0x11002, 0x202},
    {0x11037, 0x101},
    {0x11045, 0x202},
    {0x11046, 0x90202},
    {0x1104d, 0x808},
    {0x11051, 0x0},
    {0x1106f, 0x404},
    {0x11070, 0x202},
    {0x11072, 0x101},
    {0x11074, 0x202},
    {0x11075, 0x101},
    {0x1107e, 0x0},
    {0x1107f, 0x90202},
    {0x11082, 0x202},
    {0x110af, 0x101},
    {0x110b8, 0x202},
    {0x110b9, 0x90202},
    {0x110ba, 0x1070202},
    {0x110bc, 0x808},
    {0x110bd, 0x0},
    {0x110c1, 0x808},
    {0x110c2, 0x202},
    {0x110cf, 0x0},
    {0x110e8, 0x101},
    {0x110ef, 0x0},
    {0x110f9, 0x404},
    {0x110ff, 0x0},
    {0x11102, 0xe60202},
    {0x11126, 0x101},
    {0x11127, 0x1000202},
    {0x11132, 0x202},
    {0x11134, 0x90202},
    {0x11135, 0x0},
    {0x1113f, 0x404},
    {0x11143, 0x808},
    {0x11144, 0x101},
    {0x11146, 0x202},
    {0x11147, 0x101},
    {0x1114f, 0x0},
    {0x11172, 0x101},
    {0x11173, 0x70202},
    {0x11175, 0x808},
    {0x11176, 0x101},
    {0x1117f, 0x0},
    {0x11182, 0x202},
    {0x111b2, 0x101},
    {0x111bf, 0x202},
    {0x111c0, 0x90202},
    {0x111c4, 0x101},
    {0x111c8, 0x808},
    {0x111c9, 0x202},
    {0x111ca, 0x70202},
    {0x111cc, 0x202},
    {0x111cd, 0x808},
    {0x111cf, 0x202},
    {0x111d9, 0x404},
    {0x111da, 0x101},
    {0x111db, 0x808},
    {0x111dc, 0x101},
    {0x111df, 0x808},
    {0x111e0, 0x0},
    {0x111f4, 0x404},
    {0x111ff, 0x0},
    {0x11211, 0x101},
    {0x11212, 0x0},
    {0x1122b, 0x101},
    {0x11234, 0x202},
    {0x11235, 0x90202},
    {0x11236, 0x70202},
    {0x11237, 0x202},
    {0x1123d, 0x808},
    {0x1123e, 0x202},
    {0x11240, 0x101},
    {0x11241, 0x202},
    {0x1127f, 0x0},
    {0x11286, 0x101},
    {0x11287, 0x0},
    {0x11288, 0x101},
    {0x11289, 0x0},
    {0x1128d, 0x101},
    {0x1128e, 0x0},
    {0x1129d, 0x101},
    {0x1129e, 0x0},
    {0x112a8, 0x101},
    {0x112a9, 0x808},
    {0x112af, 0x0},
    {0x112de, 0x101},
    {0x112e8, 0x202},
    {0x112e9, 0x70202},
    {0x112ea, 0x90202},
    {0x112ef, 0x0},
    {0x112f9, 0x404},
    {0x112ff, 0x0},
    {0x11303, 0x202},
    {0x11304, 0x0},
    {0x1130c, 0x101},
    {0x1130e, 0x0},
    {0x11310, 0x101},
    {0x11312, 0x0},
    {0x11328, 0x101},
    {0x11329, 0x0},
    {0x11330, 0x101},
    {0x11331, 0x0},
    {0x11333, 0x101},
    {0x11334, 0x0},
    {0x11339, 0x101},
    {0x1133a, 0x0},
    {0x1133b, 0x202},
    {0x1133c, 0x70202},
    {0x1133d, 0x101},
    {0x1133e, 0x1000202},
    {0x11344, 0x202},
    {0x11346, 0x0},
    {0x11348, 0x202},
    {0x1134a, 0x0},
    {0x1134c, 0x202},
    {0x1134d, 0x90202},
    {0x1134f, 0x0},
    {0x11350, 0x101},
    {0x11356, 0x0},
    {0x11357, 0x1000202},
    {0x1135c, 0x0},
    {0x11361, 0x101},
    {0x11363, 0x202},
    {0x11365, 0x0},
    {0x1136c, 0xe60202},
    {0x1136f, 0x0},
    {0x11374, 0xe60202},
    {0x1137f, 0x0},
    {0x11389, 0x101},
    {0x1138a, 0x0},
    {0x1138b, 0x101},
    {0x1138d, 0x0},
    {0x1138e, 0x101},
    {0x1138f, 0x0},
    {0x113b5, 0x101},
    {0x113b6, 0x0},
    {0x113b7, 0x101},
    {0x113c0, 0x202},
    {0x113c1, 0x0},
    {0x113c2, 0x202},
    {0x113c4, 0x0},
    {0x113c5, 0x202},
    {0x113c6, 0x0},
    {0x113ca, 0x202},
    {0x113cb, 0x0},
    {0x113d0, 0x202},
    {0x113d1, 0x101},
    {0x113d2, 0x202},
    {0x113d3, 0x101},
    {0x113d5, 0x808},
    {0x113d6, 0x0},
    {0x113d8, 0x808},
    {0x113e0, 0x0},
    {0x113e2, 0x202},
    {0x113ff, 0x0},
    {0x11434, 0x101},
    {0x11441, 0x202},
    {0x11442, 0x90202},
    {0x11445, 0x202},
    {0x11446, 0x70202},
    {0x1144a, 0x101},
    {0x1144f, 0x808},
    {0x11459, 0x404},
    {0x1145b, 0x808},
    {0x1145c, 0x0},
    {0x1145d, 0x808},
    {0x1145e, 0x202},
    {0x11461, 0x101},
    {0x1147f, 0x0},
    {0x114af, 0x101},
    {0x114b0, 0x1000202},
    {0x114b9, 0x202},
    {0x114ba, 0x1000202},
    {0x114bc, 0x202},
    {0x114bd, 0x1000202},
    {0x114c1, 0x202},
    {0x114c2, 0x90202},
    {0x114c3, 0x70202},
    {0x114c5, 0x101},
    {0x114c6, 0x808},
    {0x114c7, 0x101},
    {0x114cf, 0x0},
    {0x114d9, 0x404},
    {0x1157f, 0x0},
    {0x115ae, 0x101},
    {0x115af, 0x1000202},
    {0x115b5, 0x202},
    {0x115b7, 0x0},
    {0x115be, 0x202},
    {0x115bf, 0x90202},
    {0x115c0, 0x70202},
    {0x115d7, 0x808},
    {0x115db, 0x101},
    {0x115dd, 0x202},
    {0x115ff, 0x0},
    {0x1162f, 0x101},
    {0x1163e, 0x202},
    {0x1163f, 0x90202},
    {0x11640, 0x202},
    {0x11643, 0x808},
    {0x11644, 0x101},
    {0x1164f, 0x0},
    {0x11659, 0x404},
    {0x1165f, 0x0},
    {0x1166c, 0x808},
    {0x1167f, 0x0},
    {0x116aa, 0x101},
    {0x116b5, 0x202},
    {0x116b6, 0x90202},
    {0x116b7, 0x70202},
    {0x116b8, 0x101},
    {0x116b9, 0x808},
    {0x116bf, 0x0},
    {0x116c9, 0x404},
    {0x116cf, 0x0},
    {0x116e3, 0x404},
    {0x116ff, 0x0},
    {0x1171a, 0x101},
    {0x1171c, 0x0},
    {0x1172a, 0x202},
    {0x1172b, 0x90202},
    {0x1172f, 0x0},
    {0x1173b, 0x404},
    {0x1173e, 0x808},
    {0x1173f, 0x1010},
    {0x11746, 0x101},
    {0x117ff, 0x0},
    {0x1182b, 0x101},
    {0x1183a, 0x202},
    {0x1183b, 0x808},
    {0x1189f, 0x0},
    {0x118bf, 0x2121},
    {0x118df, 0x4141},
    {0x118f2, 0x404},
    {0x118fe, 0x0},
    {0x11906, 0x101},
    {0x11908, 0x0},
    {0x11909, 0x101},
    {0x1190b, 0x0},
    {0x11913, 0x101},
    {0x11914, 0x0},
    {0x11916, 0x101},
    {0x11917, 0x0},
    {0x1192f, 0x101},
    {0x11935, 0x202},
    {0x11936, 0x0},
    {0x11938, 0x202},
    {0x1193a, 0x0},
    {0x1193e, 0x202},
    {0x1193f, 0x101},
    {0x11940, 0x202},
    {0x11941, 0x101},
    {0x11943, 0x202},
    {0x11946, 0x808},
    {0x1194f, 0x0},
    {0x11959, 0x404},
    {0x1199f, 0x0},
    {0x119a7, 0x101},
    {0x119a9, 0x0},
    {0x119d0, 0x101},
    {0x119d7, 0x202},
    {0x119d9, 0x0},
    {0x119e0, 0x202},
    {0x119e1, 0x101},
    {0x119e2, 0x808},
    {0x119e3, 0x101},
    {0x119e4, 0x202},
    {0x119ff, 0x0},
    {0x11a00, 0x101},
    {0x11a0a, 0x202},
    {0x11a32, 0x101},
    {0x11a39, 0x202},
    {0x11a3a, 0x101},
    {0x11a3e, 0x202},
    {0x11a46, 0x808},
    {0x11a47, 0x202},
    {0x11a4f, 0x0},
    {0x11a50, 0x101},
    {0x11a5b, 0x202},
    {0x11a89, 0x101},
    {0x11a99, 0x202},
    {0x11a9c, 0x808},
    {0x11a9d, 0x101},
    {0x11aa2, 0x808},
    {0x11aaf, 0x0},
    {0x11af8, 0x101},
    {0x11aff, 0x0},
    {0x11b09, 0x808},
    {0x11b5f, 0x0},
    {0x11b67, 0x200},
    {0x11bbf, 0x0},
    {0x11be0, 0x101},
    {0x11be1, 0x808},
    {0x11bef, 0x0},
    {0x11bf9, 0x404},
    {0x11bff, 0x0},
    {0x11c08, 0x101},
    {0x11c09, 0x0},
    {0x11c2e, 0x101},
    {0x11c36, 0x202},
    {0x11c37, 0x0},
    {0x11c3e, 0x202},
    {0x11c3f, 0x90202},
    {0x11c40, 0x101},
    {0x11c45, 0x808},
    {0x11c4f, 0x0},
    {0x11c6c, 0x404},
    {0x11c6f, 0x0},
    {0x11c71, 0x808},
    {0x11c8f, 0x101},
    {0x11c91, 0x0},
    {0x11ca7, 0x202},
    {0x11ca8, 0x0},
    {0x11cb6, 0x202},
    {0x11cff, 0x0},
    {0x11d06, 0x101},
    {0x11d07, 0x0},
    {0x11d09, 0x101},
    {0x11d0a, 0x0},
    {0x11d30, 0x101},
    {0x11d36, 0x202},
    {0x11d39, 0x0},
    {0x11d3a, 0x202},
    {0x11d3b, 0x0},
    {0x11d3d, 0x202},
    {0x11d3e, 0x0},
    {0x11d45, 0x202},
    {0x11d46, 0x101},
    {0x11d47, 0x202},
    {0x11d4f, 0x0},
    {0x11d59, 0x404},
    {0x11d5f, 0x0},
    {0x11d65, 0x101},
    {0x11d66, 0x0},
    {0x11d68, 0x101},
    {0x11d69, 0x0},
    {0x11d89, 0x101},
    {0x11d8e, 0x202},
    {0x11d8f, 0x0},
    {0x11d91, 0x202},
    {0x11d92, 0x0},
    {0x11d97, 0x202},
    {0x11d98, 0x101},
    {0x11d9f, 0x0},
    {0x11da9, 0x404},
    {0x11daf, 0x0},
    {0x11ddb, 0x100},
    {0x11ddf, 0x0},
    {0x11de9, 0x400},
    {0x11edf, 0x0},
    {0x11ef2, 0x101},
    {0x11ef6, 0x202},
    {0x11ef8, 0x808},
    {0x11eff, 0x0},
    {0x11f01, 0x202},
    {0x11f02, 0x101},
    {0x11f03, 0x202},
    {0x11f10, 0x101},
    {0x11f11, 0x0},
    {0x11f33, 0x101},
    {0x11f3a, 0x202},
    {0x11f3d, 0x0},
    {0x11f42, 0x202},
    {0x11f4f, 0x808},
    {0x11f59, 0x404},
    {0x11f5a, 0x202},
    {0x11faf, 0x0},
    {0x11fb0, 0x101},
    {0x11fbf, 0x0},
    {0x11fd4, 0x404},
    {0x11ff1, 0x1010},
    {0x11ffe, 0x0},
    {0x11fff, 0x808},
    {0x12399, 0x101},
    {0x123ff, 0x0},
    {0x1246e, 0x404},
    {0x1246f, 0x0},
    {0x12474, 0x808},
    {0x1247f, 0x0},
    {0x12543, 0x101},
    {0x12f8f, 0x0},
    {0x12ff0, 0x101},
    {0x12ff2, 0x808},
    {0x12fff, 0x0},
    {0x1342f, 0x101},
    {0x1343f, 0x0},
    {0x13440, 0x202},
    {0x13446, 0x101},
    {0x13455, 0x202},
    {0x1345f, 0x0},
    {0x143fa, 0x101},
    {0x143ff, 0x0},
    {0x14646, 0x101},
    {0x160ff, 0x0},
    {0x1611d, 0x101},
    {0x1612f, 0x202},
    {0x16139, 0x404},
    {0x167ff, 0x0},
    {0x16a38, 0x101},
    {0x16a3f, 0x0},
    {0x16a5e, 0x101},
    {0x16a5f, 0x0},
    {0x16a69, 0x404},
    {0x16a6d, 0x0},
    {0x16a6f, 0x808},
    {0x16abe, 0x101},
    {0x16abf, 0x0},
    {0x16ac9, 0x404},
    {0x16acf, 0x0},
    {0x16aed, 0x101},
    {0x16aef, 0x0},
    {0x16af4, 0x10202},
    {0x16af5, 0x808},
    {0x16aff, 0x0},
    {0x16b2f, 0x101},
    {0x16b36, 0xe60202},
    {0x16b3b, 0x808},
    {0x16b3f, 0x1010},
    {0x16b43, 0x101},
    {0x16b44, 0x808},
    {0x16b45, 0x1010},
    {0x16b4f, 0x0},
    {0x16b59, 0x404},
    {0x16b5a, 0x0},
    {0x16b61, 0x404},
    {0x16b62, 0x0},
    {0x16b77, 0x101},
    {0x16b7c, 0x0},
    {0x16b8f, 0x101},
    {0x16d3f, 0x0},
    {0x16d6c, 0x101},
    {0x16d6f, 0x808},
    {0x16d79, 0x404},
    {0x16e3f, 0x0},
    {0x16e5f, 0x2121},
    {0x16e7f, 0x4141},
    {0x16e96, 0x404},
    {0x16e9a, 0x808},
    {0x16e9f, 0x0},
    {0x16eb8, 0x2100},
    {0x16eba, 0x0},
    {0x16ed3, 0x4100},
    {0x16eff, 0x0},
    {0x16f4a, 0x101},
    {0x16f4e, 0x0},
    {0x16f4f, 0x202},
    {0x16f50, 0x101},
    {0x16f87, 0x202},
    {0x16f8e, 0x0},
    {0x16f92, 0x202},
    {0x16f9f, 0x101},
    {0x16fdf, 0x0},
    {0x16fe1, 0x101},
    {0x16fe2, 0x808},
    {0x16fe3, 0x101},
    {0x16fe4, 0x202},
    {0x16fef, 0x0},
    {0x16ff1, 0x202},
    {0x16ff3, 0x100},
    {0x16ff6, 0x400},
    {0x16fff, 0x0},
    {0x187f7, 0x101},
    {0x187ff, 0x100},
    {0x18cd5, 0x101},
    {0x18cfe, 0x0},
    {0x18d08, 0x101},
    {0x18d1e, 0x100},
    {0x18d7f, 0x0},
    {0x18df2, 0x100},
    {0x1afef, 0x0},
    {0x1aff3, 0x101},
    {0x1aff4, 0x0},
    {0x1affb, 0x101},
    {0x1affc, 0x0},
    {0x1affe, 0x101},
    {0x1afff, 0x0},
    {0x1b122, 0x101},
    {0x1b131, 0x0},
    {0x1b132, 0x101},
    {0x1b14f, 0x0},
    {0x1b152, 0x101},
    {0x1b154, 0x0},
    {0x1b155, 0x101},
    {0x1b163, 0x0},
    {0x1b167, 0x101},
    {0x1b16f, 0x0},
    {0x1b2fb, 0x101},
    {0x1bbff, 0x0},
    {0x1bc6a, 0x101},
    {0x1bc6f, 0x0},
    {0x1bc7c, 0x101},
    {0x1bc7f, 0x0},
    {0x1bc88, 0x101},
    {0x1bc8f, 0x0},
    {0x1bc99, 0x101},
    {0x1bc9b, 0x0},
    {0x1bc9c, 0x1010},
    {0x1bc9d, 0x202},
    {0x1bc9e, 0x10202},
    {0x1bc9f, 0x808},
    {0x1cbff, 0x0},
    {0x1ccef, 0x1010},
    {0x1ccf9, 0x404},
    {0x1ccfc, 0x1000},
    {0x1ccff, 0x0},
    {0x1ceb3, 0x1010},
    {0x1ceb9, 0x0},
    {0x1ced0, 0x1000},
    {0x1cedf, 0x0},
    {0x1cef0, 0x1000},
    {0x1ceff, 0x0},
    {0x1cf2d, 0x202},
    {0x1cf2f, 0x0},
    {0x1cf46, 0x202},
    {0x1cf4f, 0x0},
    {0x1cfc3, 0x1010},
    {0x1cfff, 0x0},
    {0x1d0f5, 0x1010},
    {0x1d0ff, 0x0},
    {0x1d126, 0x1010},
    {0x1d128, 0x0},
    {0x1d15d, 0x1010},
    {0x1d164, 0x1001010},
    {0x1d166, 0xd80202},
    {0x1d169, 0x10202},
    {0x1d16c, 0x1010},
    {0x1d16d, 0xe20202},
    {0x1d172, 0xd80202},
    {0x1d17a, 0x0},
    {0x1d182, 0xdc0202},
    {0x1d184, 0x1010},
    {0x1d189, 0xe60202},
    {0x1d18b, 0xdc0202},
    {0x1d1a9, 0x1010},
    {0x1d1ad, 0xe60202},
    {0x1d1ba, 0x1010},
    {0x1d1c0, 0x1001010},
    {0x1d1ea, 0x1010},
    {0x1d1ff, 0x0},
    {0x1d241, 0x1010},
    {0x1d244, 0xe60202},
    {0x1d245, 0x1010},
    {0x1d2bf, 0x0},
    {0x1d2d3, 0x404},
    {0x1d2df, 0x0},
    {0x1d2f3, 0x404},
    {0x1d2ff, 0x0},
    {0x1d356, 0x1010},
    {0x1d35f, 0x0},
    {0x1d378, 0x404},
    {0x1d3ff, 0x0},
    {0x1d419, 0x2121},
    {0x1d433, 0x4141},
    {0x1d44d, 0x2121},
    {0x1d454, 0x4141},
    {0x1d455, 0x0},
    {0x1d467, 0x4141},
    {0x1d481, 0x2121},
    {0x1d49b, 0x4141},
    {0x1d49c, 0x2121},
    {0x1d49d, 0x0},
    {0x1d49f, 0x2121},
    {0x1d4a1, 0x0},
    {0x1d4a2, 0x2121},
    {0x1d4a4, 0x0},
    {0x1d4a6, 0x2121},
    {0x1d4a8, 0x0},
    {0x1d4ac, 0x2121},
    {0x1d4ad, 0x0},
    {0x1d4b5, 0x2121},
    {0x1d4b9, 0x4141},
    {0x1d4ba, 0x0},
    {0x1d4bb, 0x4141},
    {0x1d4bc, 0x0},
    {0x1d4c3, 0x4141},
    {0x1d4c4, 0x0},
    {0x1d4cf, 0x4141},
    {0x1d4e9, 0x2121},
    {0x1d503, 0x4141},
    {0x1d505, 0x2121},
    {0x1d506, 0x0},
    {0x1d50a, 0x2121},
    {0x1d50c, 0x0},
    {0x1d514, 0x2121},
    {0x1d515, 0x0},
    {0x1d51c, 0x2121},
    {0x1d51d, 0x0},
    {0x1d537, 0x4141},
    {0x1d539, 0x2121},
    {0x1d53a, 0x0},
    {0x1d53e, 0x2121},
    {0x1d53f, 0x0},
    {0x1d544, 0x2121},
    {0x1d545, 0x0},
    {0x1d546, 0x2121},
    {0x1d549, 0x0},
    {0x1d550, 0x2121},
    {0x1d551, 0x0},
    {0x1d56b, 0x4141},
    {0x1d585, 0x2121},
    {0x1d59f, 0x4141},
    {0x1d5b9, 0x2121},
    {0x1d5d3, 0x4141},
    {0x1d5ed, 0x2121},
    {0x1d607, 0x4141},
    {0x1d621, 0x2121},
    {0x1d63b, 0x4141},
    {0x1d655, 0x2121},
    {0x1d66f, 0x4141},
    {0x1d689, 0x2121},
    {0x1d6a5, 0x4141},
    {0x1d6a7, 0x0},
    {0x1d6c0, 0x2121},
    {0x1d6c1, 0x1010},
    {0x1d6da, 0x4141},
    {0x1d6db, 0x1010},
    {0x1d6e1, 0x4141},
    {0x1d6fa, 0x2121},
    {0x1d6fb, 0x1010},
    {0x1d714, 0x4141},
    {0x1d715, 0x1010},
    {0x1d71b, 0x4141},
    {0x1d734, 0x2121},
    {0x1d735, 0x1010},
    {0x1d74e, 0x4141},
    {0x1d74f, 0x1010},
    {0x1d755, 0x4141},
    {0x1d76e, 0x2121},
    {0x1d76f, 0x1010},
    {0x1d788, 0x4141},
    {0x1d789, 0x1010},
    {0x1d78f, 0x4141},
    {0x1d7a8, 0x2121},
    {0x1d7a9, 0x1010},
    {0x1d7c2, 0x4141},
    {0x1d7c3, 0x1010},
    {0x1d7c9, 0x4141},
    {0x1d7ca, 0x2121},
    {0x1d7cb, 0x4141},
    {0x1d7cd, 0x0},
    {0x1d7ff, 0x404},
    {0x1d9ff, 0x1010},
    {0x1da36, 0x202},
    {0x1da3a, 0x1010},
    {0x1da6c, 0x202},
    {0x1da74, 0x1010},
    {0x1da75, 0x202},
    {0x1da83, 0x1010},
    {0x1da84, 0x202},
    {0x1da86, 0x1010},
    {0x1da8b, 0x808},
    {0x1da9a, 0x0},
    {0x1da9f, 0x202},
    {0x1daa0, 0x0},
    {0x1daaf, 0x202},
    {0x1deff, 0x0},
    {0x1df09, 0x4141},
    {0x1df0a, 0x101},
    {0x1df1e, 0x4141},
    {0x1df24, 0x0},
    {0x1df2a, 0x4141},
    {0x1dfff, 0x0},
    {0x1e006, 0xe60202},
    {0x1e007, 0x0},
    {0x1e018, 0xe60202},
    {0x1e01a, 0x0},
    {0x1e021, 0xe60202},
    {0x1e022, 0x0},
    {0x1e024, 0xe60202},
    {0x1e025, 0x0},
    {0x1e02a, 0xe60202},
    {0x1e02f, 0x0},
    {0x1e06d, 0x101},
    {0x1e08e, 0x0},
    {0x1e08f, 0x202},
    {0x1e0ff, 0x0},
    {0x1e12c, 0x101},
    {0x1e12f, 0x0},
    {0x1e136, 0x202},
    {0x1e13d, 0x101},
    {0x1e13f, 0x0},
    {0x1e149, 0x404},
    {0x1e14d, 0x0},
    {0x1e14e, 0x101},
    {0x1e14f, 0x1010},
    {0x1e28f, 0x0},
    {0x1e2ad, 0x101},
    {0x1e2ae, 0x202},
    {0x1e2bf, 0x0},
    {0x1e2eb, 0x101},
    {0x1e2ef, 0x202},
    {0x1e2f9, 0x404},
    {0x1e2fe, 0x0},
    {0x1e2ff, 0x1010},
    {0x1e4cf, 0x0},
    {0x1e4eb, 0x101},
    {0x1e4ef, 0x202},
    {0x1e4f9, 0x404},
    {0x1e5cf, 0x0},
    {0x1e5ed, 0x101},
    {0x1e5ef, 0x202},
    {0x1e5f0, 0x101},
    {0x1e5fa, 0x404},
    {0x1e5fe, 0x0},
    {0x1e5ff, 0x808},
    {0x1e6bf, 0x0},
    {0x1e6de, 0x100},
    {0x1e6df, 0x0},
    {0x1e6e2, 0x100},
    {0x1e6e3, 0x200},
    {0x1e6e5, 0x100},
    {0x1e6e6, 0x200},
    {0x1e6ed, 0x100},
    {0x1e6ef, 0x200},
    {0x1e6f4, 0x100},
    {0x1e6f5, 0x200},
    {0x1e6fd, 0x0},
    {0x1e6ff, 0x100},
    {0x1e7df, 0x0},
    {0x1e7e6, 0x101},
    {0x1e7e7, 0x0},
    {0x1e7eb, 0x101},
    {0x1e7ec, 0x0},
    {0x1e7ee, 0x101},
    {0x1e7ef, 0x0},
    {0x1e7fe, 0x101},
    {0x1e7ff, 0x0},
    {0x1e8c4, 0x101},
    {0x1e8c6, 0x0},
    {0x1e8cf, 0x404},
    {0x1e8d6, 0xdc0202},
    {0x1e8ff, 0x0},
    {0x1e921, 0x2121},
    {0x1e943, 0x4141},
    {0x1e949, 0xe60202},
    {0x1e94a, 0x70202},
    {0x1e94b, 0x101},
    {0x1e94f, 0x0},
    {0x1e959, 0x404},
    {0x1e95d, 0x0},
    {0x1e95f, 0x808},
    {0x1ec70, 0x0},
    {0x1ecab, 0x404},
    {0x1ecac, 0x1010},
    {0x1ecaf, 0x404},
    {0x1ecb0, 0x1010},
    {0x1ecb4, 0x404},
    {0x1ed00, 0x0},
    {0x1ed2d, 0x404},
    {0x1ed2e, 0x1010},
    {0x1ed3d, 0x404},
    {0x1edff, 0x0},
    {0x1ee03, 0x101},
    {0x1ee04, 0x0},
    {0x1ee1f, 0x101},
    {0x1ee20, 0x0},
    {0x1ee22, 0x101},
    {0x1ee23, 0x0},
    {0x1ee24, 0x101},
    {0x1ee26, 0x0},
    {0x1ee27, 0x101},
    {0x1ee28, 0x0},
    {0x1ee32, 0x101},
    {0x1ee33, 0x0},
    {0x1ee37, 0x101},
    {0x1ee38, 0x0},
    {0x1ee39, 0x101},
    {0x1ee3a, 0x0},
    {0x1ee3b, 0x101},
    {0x1ee41, 0x0},
    {0x1ee42, 0x101},
    {0x1ee46, 0x0},
    {0x1ee47, 0x101},
    {0x1ee48, 0x0},
    {0x1ee49, 0x101},
    {0x1ee4a, 0x0},
    {0x1ee4b, 0x101},
    {0x1ee4c, 0x0},
    {0x1ee4f, 0x101},
    {0x1ee50, 0x0},
    {0x1ee52, 0x101},
    {0x1ee53, 0x0},
    {0x1ee54, 0x101},
    {0x1ee56, 0x0},
    {0x1ee57, 0x101},
    {0x1ee58, 0x0},
    {0x1ee59, 0x101},
    {0x1ee5a, 0x0},
    {0x1ee5b, 0x101},
    {0x1ee5c, 0x0},
    {0x1ee5d, 0x101},
    {0x1ee5e, 0x0},
    {0x1ee5f, 0x101},
    {0x1ee60, 0x0},
    {0x1ee62, 0x101},
    {0x1ee63, 0x0},
    {0x1ee64, 0x101},
    {0x1ee66, 0x0},
    {0x1ee6a, 0x101},
    {0x1ee6b, 0x0},
    {0x1ee72, 0x101},
    {0x1ee73, 0x0},
    {0x1ee77, 0x101},
    {0x1ee78, 0x0},
    {0x1ee7c, 0x101},
    {0x1ee7d, 0x0},
    {0x1ee7e, 0x101},
    {0x1ee7f, 0x0},
    {0x1ee89, 0x101},
    {0x1ee8a, 0x0},
    {0x1ee9b, 0x101},
    {0x1eea0, 0x0},
    {0x1eea3, 0x101},
    {0x1eea4, 0x0},
    {0x1eea9, 0x101},
    {0x1eeaa, 0x0},
    {0x1eebb, 0x101},
    {0x1eeef, 0x0},
    {0x1eef1, 0x1010},
    {0x1efff, 0x0},
    {0x1f02b, 0x1010},
    {0x1f02f, 0x0},
    {0x1f093, 0x1010},
    {0x1f09f, 0x0},
    {0x1f0ae, 0x1010},
    {0x1f0b0, 0x0},
    {0x1f0bf, 0x1010},
    {0x1f0c0, 0x0},
    {0x1f0cf, 0x1010},
    {0x1f0d0, 0x0},
    {0x1f0f5, 0x1010},
    {0x1f0ff, 0x0},
    {0x1f10c, 0x404},
    {0x1f1ad, 0x1010},
    {0x1f1e5, 0x0},
    {0x1f202, 0x1010},
    {0x1f20f, 0x0},
    {0x1f23b, 0x1010},
    {0x1f23f, 0x0},
    {0x1f248, 0x1010},
    {0x1f24f, 0x0},
    {0x1f251, 0x1010},
    {0x1f25f, 0x0},
    {0x1f265, 0x1010},
    {0x1f2ff, 0x0},
    {0x1f6d7, 0x1010},
    {0x1f6d8, 0x1000},
    {0x1f6db, 0x0},
    {0x1f6ec, 0x1010},
    {0x1f6ef, 0x0},
    {0x1f6fc, 0x1010},
    {0x1f6ff, 0x0},
    {0x1f776, 0x1010},
    {0x1f77a, 0x1000},
    {0x1f7d9, 0x1010},
    {0x1f7df, 0x0},
    {0x1f7eb, 0x1010},
    {0x1f7ef, 0x0},
    {0x1f7f0, 0x1010},
    {0x1f7ff, 0x0},
    {0x1f80b, 0x1010},
    {0x1f80f, 0x0},
    {0x1f847, 0x1010},
    {0x1f84f, 0x0},
    {0x1f859, 0x1010},
    {0x1f85f, 0x0},
    {0x1f887, 0x1010},
    {0x1f88f, 0x0},
    {0x1f8ad, 0x1010},
    {0x1f8af, 0x0},
    {0x1f8bb, 0x1010},
    {0x1f8bf, 0x0},
    {0x1f8c1, 0x1010},
    {0x1f8cf, 0x0},
    {0x1f8d8, 0x1000},
    {0x1f8ff, 0x0},
    {0x1fa53, 0x1010},
    {0x1fa57, 0x1000},
    {0x1fa5f, 0x0},
    {0x1fa6d, 0x1010},
    {0x1fa6f, 0x0},
    {0x1fa7c, 0x1010},
    {0x1fa7f, 0x0},
    {0x1fa89, 0x1010},
    {0x1fa8a, 0x1000},
    {0x1fa8d, 0x0},
    {0x1fa8e, 0x1000},
    {0x1fac6, 0x1010},
    {0x1fac7, 0x0},
    {0x1fac8, 0x1000},
    {0x1facc, 0x0},
    {0x1facd, 0x1000},
    {0x1fadc, 0x1010},
    {0x1fade, 0x0},
    {0x1fae9, 0x1010},
    {0x1faea, 0x1000},
    {0x1faee, 0x0},
    {0x1faef, 0x1000},
    {0x1faf8, 0x1010},
    {0x1faff, 0x0},
    {0x1fb92, 0x1010},
    {0x1fb93, 0x0},
    {0x1fbef, 0x1010},
    {0x1fbf9, 0x404},
    {0x1fbfa, 0x1000},
    {0x1ffff, 0x0},
    {0x2a6df, 0x101},
    {0x2a6ff, 0x0},
    {0x2b739, 0x101},
    {0x2b73f, 0x100},
    {0x2b81d, 0x101},
    {0x2b81f, 0x0},
    {0x2cea1, 0x101},
    {0x2cead, 0x100},
    {0x2ceaf, 0x0},
    {0x2ebe0, 0x101},
    {0x2ebef, 0x0},
    {0x2ee5d, 0x101},
    {0x2f7ff, 0x0},
    {0x2fa1d, 0x1000101},
    {0x2ffff, 0x0},
    {0x3134a, 0x101},
    {0x3134f, 0x0},
    {0x323af, 0x101},
    {0x33479, 0x100},
    {0xe00ff, 0x0},
    {0xe01ef, 0x202},
    {0x10ffff, 0x0},
};

static const UnicodeDecomposition unicode_decompositions[] = {
    {0xc0, 0x41, 0x300},
    {0xc1, 0x41, 0x301},
    {0xc2, 0x41, 0x302},
    {0xc3, 0x41, 0x303},
    {0xc4, 0x41, 0x308},
    {0xc5, 0x41, 0x30a},
    {0xc7, 0x43, 0x327},
    {0xc8, 0x45, 0x300},
    {0xc9, 0x45, 0x301},
    {0xca, 0x45, 0x302},
    {0xcb, 0x45, 0x308},
    {0xcc, 0x49, 0x300},
    {0xcd, 0x49, 0x301},
    {0xce, 0x49, 0x302},
    {0xcf, 0x49, 0x308},
    {0xd1, 0x4e, 0x303},
    {0xd2, 0x4f, 0x300},
    {0xd3, 0x4f, 0x301},
    {0xd4, 0x4f, 0x302},
    {0xd5, 0x4f, 0x303},
    {0xd6, 0x4f, 0x308},
    {0xd9, 0x55, 0x300},
    {0xda, 0x55, 0x301},
    {0xdb, 0x55, 0x302},
    {0xdc, 0x55, 0x308},
    {0xdd, 0x59, 0x301},
    {0xe0, 0x61, 0x300},
    {0xe1, 0x61, 0x301},
    {0xe2, 0x61, 0x302},
    {0xe3, 0x61, 0x303},
    {0xe4, 0x61, 0x308},
    {0xe5, 0x61, 0x30a},
    {0xe7, 0x63, 0x327},
    {0xe8, 0x65, 0x300},
    {0xe9, 0x65, 0x301},
    {0xea, 0x65, 0x302},
    {0xeb, 0x65, 0x308},
    {0xec, 0x69, 0x300},
    {0xed, 0x69, 0x301},
    {0xee, 0x69, 0x302},
    {0xef, 0x69, 0x308},
    {0xf1, 0x6e, 0x303},
    {0xf2, 0x6f, 0x300},
    {0xf3, 0x6f, 0x301},
    {0xf4, 0x6f, 0x302},
    {0xf5, 0x6f, 0x303},
    {0xf6, 0x6f, 0x308},
    {0xf9, 0x75, 0x300},
    {0xfa, 0x75, 0x301},
    {0xfb, 0x75, 0x302},
    {0xfc, 0x75, 0x308},
    {0xfd, 0x79, 0x301},
    {0xff, 0x79, 0x308},
    {0x100, 0x41, 0x304},
    {0x101, 0x61, 0x304},
    {0x102, 0x41, 0x306},
    {0x103, 0x61, 0x306},
    {0x104, 0x41, 0x328},
    {0x105, 0x61, 0x328},
    {0x106, 0x43, 0x301},
    {0x107, 0x63, 0x301},
    {0x108, 0x43, 0x302},
    {0x109, 0x63, 0x302},
    {0x10a, 0x43, 0x307},
    {0x10b, 0x63, 0x307},
    {0x10c, 0x43, 0x30c},
    {0x10d, 0x63, 0x30c},
    {0x10e, 0x44, 0x30c},
    {0x10f, 0x64, 0x30c},
    {0x112, 0x45, 0x304},
    {0x113, 0x65, 0x304},
    {0x114, 0x45, 0x306},
    {0x115, 0x65, 0x306},
    {0x116, 0x45, 0x307},
    {0x117, 0x65, 0x307},
    {0x118, 0x45, 0x328},
    {0x119, 0x65, 0x328},
    {0x11a, 0x45, 0x30c},
    {0x11b, 0x65, 0x30c},
    {0x11c, 0x47, 0x302},
    {0x11d, 0x67, 0x302},
    {0x11e, 0x47, 0x306},
    {0x11f, 0x67, 0x306},
    {0x120, 0x47, 0x307},
    {0x121, 0x67, 0x307},
    {0x122, 0x47, 0x327},
    {0x123, 0x67, 0x327},
    {0x124, 0x48, 0x302},
    {0x125, 0x68, 0x302},
    {0x128, 0x49, 0x303},
    {0x129, 0x69, 0x303},
    {0x12a, 0x49, 0x304},
    {0x12b, 0x69, 0x304},
    {0x12c, 0x49, 0x306},
    {0x12d, 0x69, 0x306},
    {0x12e, 0x49, 0x328},
    {0x12f, 0x69, 0x328},
    {0x130, 0x49, 0x307},
    {0x134, 0x4a, 0x302},
    {0x135, 0x6a, 0x302},
    {0x136, 0x4b, 0x327},
    {0x137, 0x6b, 0x327},
    {0x139, 0x4c, 0x301},
    {0x13a, 0x6c, 0x301},
    {0x13b, 0x4c, 0x327},
    {0x13c, 0x6c, 0x327},
    {0x13d, 0x4c, 0x30c},
    {0x13e, 0x6c, 0x30c},
    {0x143, 0x4e, 0x301},
    {0x144, 0x6e, 0x301},
    {0x145, 0x4e, 0x327},
    {0x146, 0x6e, 0x327},
    {0x147, 0x4e, 0x30c},
    {0x148, 0x6e, 0x30c},
    {0x14c, 0x4f, 0x304},
    {0x14d, 0x6f, 0x304},
    {0x14e, 0x4f, 0x306},
    {0x14f, 0x6f, 0x306},
    {0x150, 0x4f, 0x30b},
    {0x151, 0x6f, 0x30b},
    {0x154, 0x52, 0x301},
    {0x155, 0x72, 0x301},
    {0x156, 0x52, 0x327},
    {0x157, 0x72, 0x327},
    {0x158, 0x52, 0x30c},
    {0x159, 0x72, 0x30c},
    {0x15a, 0x53, 0x301},
    {0x15b, 0x73, 0x301},
    {0x15c, 0x53, 0x302},
    {0x15d, 0x73, 0x302},
    {0x15e, 0x53, 0x327},
    {0x15f, 0x73, 0x327},
    {0x160, 0x53, 0x30c},
    {0x161, 0x73, 0x30c},
    {0x162, 0x54, 0x327},
    {0x163, 0x74, 0x327},
    {0x164, 0x54, 0x30c},
    {0x165, 0x74, 0x30c},
    {0x168, 0x55, 0x303},
    {0x169, 0x75, 0x303},
    {0x16a, 0x55, 0x304},
    {0x16b, 0x75, 0x304},
    {0x16c, 0x55, 0x306},
    {0x16d, 0x75, 0x306},
    {0x16e, 0x55, 0x30a},
    {0x16f, 0x75, 0x30a},
    {0x170, 0x55, 0x30b},
    {0x171, 0x75, 0x30b},
    {0x172, 0x55, 0x328},
    {0x173, 0x75, 0x328},
    {0x174, 0x57, 0x302},
    {0x175, 0x77, 0x302},
    {0x176, 0x59, 0x302},
    {0x177, 0x79, 0x302},
    {0x178, 0x59, 0x308},
    {0x179, 0x5a, 0x301},
    {0x17a, 0x7a, 0x301},
    {0x17b, 0x5a, 0x307},
    {0x17c, 0x7a, 0x307},
    {0x17d, 0x5a, 0x30c},
    {0x17e, 0x7a, 0x30c},
    {0x1a0, 0x4f, 0x31b},
    {0x1a1, 0x6f, 0x31b},
    {0x1af, 0x55, 0x31b},
    {0x1b0, 0x75, 0x31b},
    {0x1cd, 0x41, 0x30c},
    {0x1ce, 0x61, 0x30c},
    {0x1cf, 0x49, 0x30c},
    {0x1d0, 0x69, 0x30c},
    {0x1d1, 0x4f, 0x30c},
    {0x1d2, 0x6f, 0x30c},
    {0x1d3, 0x55, 0x30c},
    {0x1d4, 0x75, 0x30c},
    {0x1d5, 0xdc, 0x304},
    {0x1d6, 0xfc, 0x304},
    {0x1d7, 0xdc, 0x301},
    {0x1d8, 0xfc, 0x301},
    {0x1d9, 0xdc, 0x30c},
    {0x1da, 0xfc, 0x30c},
    {0x1db, 0xdc, 0x300},
    {0x1dc, 0xfc, 0x300},
    {0x1de, 0xc4, 0x304},
    {0x1df, 0xe4, 0x304},
    {0x1e0, 0x226, 0x304},
    {0x1e1, 0x227, 0x304},
    {0x1e2, 0xc6, 0x304},
    {0x1e3, 0xe6, 0x304},
    {0x1e6, 0x47, 0x30c},
    {0x1e7, 0x67, 0x30c},
    {0x1e8, 0x4b, 0x30c},
    {0x1e9, 0x6b, 0x30c},
    {0x1ea, 0x4f, 0x328},
    {0x1eb, 0x6f, 0x328},
    {0x1ec, 0x1ea, 0x304},
    {0x1ed, 0x1eb, 0x304},
    {0x1ee, 0x1b7, 0x30c},
    {0x1ef, 0x292, 0x30c},
    {0x1f0, 0x6a, 0x30c},
    {0x1f4, 0x47, 0x301},
    {0x1f5, 0x67, 0x301},
    {0x1f8, 0x4e, 0x300},
    {0x1f9, 0x6e, 0x300},
    {0x1fa, 0xc5, 0x301},
    {0x1fb, 0xe5, 0x301},
    {0x1fc, 0xc6, 0x301},
    {0x1fd, 0xe6, 0x301},
    {0x1fe, 0xd8, 0x301},
    {0x1ff, 0xf8, 0x301},
    {0x200, 0x41, 0x30f},
    {0x201, 0x61, 0x30f},
    {0x202, 0x41, 0x311},
    {0x203, 0x61, 0x311},
    {0x204, 0x45, 0x30f},
    {0x205, 0x65, 0x30f},
    {0x206, 0x45, 0x311},
    {0x207, 0x65, 0x311},
    {0x208, 0x49, 0x30f},
    {0x209, 0x69, 0x30f},
    {0x20a, 0x49, 0x311},
    {0x20b, 0x69, 0x311},
    {0x20c, 0x4f, 0x30f},
    {0x20d, 0x6f, 0x30f},
    {0x20e, 0x4f, 0x311},
    {0x20f, 0x6f, 0x311},
    {0x210, 0x52, 0x30f},
    {0x211, 0x72, 0x30f},
    {0x212, 0x52, 0x311},
    {0x213, 0x72, 0x311},
    {0x214, 0x55, 0x30f},
    {0x215, 0x75, 0x30f},
    {0x216, 0x55, 0x311},
    {0x217, 0x75, 0x311},
    {0x218, 0x53, 0x326},
    {0x219, 0x73, 0x326},
    {0x21a, 0x54, 0x326},
    {0x21b, 0x74, 0x326},
    {0x21e, 0x48, 0x30c},
    {0x21f, 0x68, 0x30c},
    {0x226, 0x41, 0x307},
    {0x227, 0x61, 0x307},
    {0x228, 0x45, 0x327},
    {0x229, 0x65, 0x327},
    {0x22a, 0xd6, 0x304},
    {0x22b, 0xf6, 0x304},
    {0x22c, 0xd5, 0x304},
    {0x22d, 0xf5, 0x304},
    {0x22e, 0x4f, 0x307},
    {0x22f, 0x6f, 0x307},
    {0x230, 0x22e, 0x304},
    {0x231, 0x22f, 0x304},
    {0x232, 0x59, 0x304},
    {0x233, 0x79, 0x304},
    {0x340, 0x300, 0x0},
    {0x341, 0x301, 0x0},
    {0x343, 0x313, 0x0},
    {0x344, 0x308, 0x301},
    {0x374, 0x2b9, 0x0},
    {0x37e, 0x3b, 0x0},
    {0x385, 0xa8, 0x301},
    {0x386, 0x391, 0x301},
    {0x387, 0xb7, 0x0},
    {0x388, 0x395, 0x301},
    {0x389, 0x397, 0x301},
    {0x38a, 0x399, 0x301},
    {0x38c, 0x39f, 0x301},
    {0x38e, 0x3a5, 0x301},
    {0x38f, 0x3a9, 0x301},
    {0x390, 0x3ca, 0x301},
    {0x3aa, 0x399, 0x308},
    {0x3ab, 0x3a5, 0x308},
    {0x3ac, 0x3b1, 0x301},
    {0x3ad, 0x3b5, 0x301},
    {0x3ae, 0x3b7, 0x301},
    {0x3af, 0x3b9, 0x301},
    {0x3b0, 0x3cb, 0x301},
    {0x3ca, 0x3b9, 0x308},
    {0x3cb, 0x3c5, 0x308},
    {0x3cc, 0x3bf, 0x301},
    {0x3cd, 0x3c5, 0x301},
    {0x3ce, 0x3c9, 0x301},
    {0x3d3, 0x3d2, 0x301},
    {0x3d4, 0x3d2, 0x308},
    {0x400, 0x415, 0x300},
    {0x401, 0x415, 0x308},
    {0x403, 0x413, 0x301},
    {0x407, 0x406, 0x308},
    {0x40c, 0x41a, 0x301},
    {0x40d, 0x418, 0x300},
    {0x40e, 0x423, 0x306},
    {0x419, 0x418, 0x306},
    {0x439, 0x438, 0x306},
    {0x450, 0x435, 0x300},
    {0x451, 0x435, 0x308},
    {0x453, 0x433, 0x301},
    {0x457, 0x456, 0x308},
    {0x45c, 0x43a, 0x301},
    {0x45d, 0x438, 0x300},
    {0x45e, 0x443, 0x306},
    {0x476, 0x474, 0x30f},
    {0x477, 0x475, 0x30f},
    {0x4c1, 0x416, 0x306},
    {0x4c2, 0x436, 0x306},
    {0x4d0, 0x410, 0x306},
    {0x4d1, 0x430, 0x306},
    {0x4d2, 0x410, 0x308},
    {0x4d3, 0x430, 0x308},
    {0x4d6, 0x415, 0x306},
    {0x4d7, 0x435, 0x306},
    {0x4da, 0x4d8, 0x308},
    {0x4db, 0x4d9, 0x308},
    {0x4dc, 0x416, 0x308},
    {0x4dd, 0x436, 0x308},
    {0x4de, 0x417, 0x308},
    {0x4df, 0x437, 0x308},
    {0x4e2, 0x418, 0x304},
    {0x4e3, 0x438, 0x304},
    {0x4e4, 0x418, 0x308},
    {0x4e5, 0x438, 0x308},
    {0x4e6, 0x41e, 0x308},
    {0x4e7, 0x43e, 0x308},
    {0x4ea, 0x4e8, 0x308},
    {0x4eb, 0x4e9, 0x308},
    {0x4ec, 0x42d, 0x308},
    {0x4ed, 0x44d, 0x308},
    {0x4ee, 0x423, 0x304},
    {0x4ef, 0x443, 0x304},
    {0x4f0, 0x423, 0x308},
    {0x4f1, 0x443, 0x308},
    {0x4f2, 0x423, 0x30b},
    {0x4f3, 0x443, 0x30b},
    {0x4f4, 0x427, 0x308},
    {0x4f5, 0x447, 0x308},
    {0x4f8, 0x42b, 0x308},
    {0x4f9, 0x44b, 0x308},
    {0x622, 0x627, 0x653},
    {0x623, 0x627, 0x654},
    {0x624, 0x648, 0x654},
    {0x625, 0x627, 0x655},
    {0x626, 0x64a, 0x654},
    {0x6c0, 0x6d5, 0x654},
    {0x6c2, 0x6c1, 0x654},
    {0x6d3, 0x6d2, 0x654},
    {0x929, 0x928, 0x93c},
    {0x931, 0x930, 0x93c},
    {0x934, 0x933, 0x93c},
    {0x958, 0x915, 0x93c},
    {0x959, 0x916, 0x93c},
    {0x95a, 0x917, 0x93c},
    {0x95b, 0x91c, 0x93c},
    {0x95c, 0x921, 0x93c},
    {0x95d, 0x922, 0x93c},
    {0x95e, 0x92b, 0x93c},
    {0x95f, 0x92f, 0x93c},
    {0x9cb, 0x9c7, 0x9be},
    {0x9cc, 0x9c7, 0x9d7},
    {0x9dc, 0x9a1, 0x9bc},
    {0x9dd, 0x9a2, 0x9bc},
    {0x9df, 0x9af, 0x9bc},
    {0xa33, 0xa32, 0xa3c},
    {0xa36, 0xa38, 0xa3c},
    {0xa59, 0xa16, 0xa3c},
    {0xa5a, 0xa17, 0xa3c},
    {0xa5b, 0xa1c, 0xa3c},
    {0xa5e, 0xa2b, 0xa3c},
    {0xb48, 0xb47, 0xb56},
    {0xb4b, 0xb47, 0xb3e},
    {0xb4c, 0xb47, 0xb57},
    {0xb5c, 0xb21, 0xb3c},
    {0xb5d, 0xb22, 0xb3c},
    {0xb94, 0xb92, 0xbd7},
    {0xbca, 0xbc6, 0xbbe},
    {0xbcb, 0xbc7, 0xbbe},
    {0xbcc, 0xbc6, 0xbd7},
    {0xc48, 0xc46, 0xc56},
    {0xcc0, 0xcbf, 0xcd5},
    {0xcc7, 0xcc6, 0xcd5},
    {0xcc8, 0xcc6, 0xcd6},
    {0xcca, 0xcc6, 0xcc2},
    {0xccb, 0xcca, 0xcd5},
    {0xd4a, 0xd46, 0xd3e},
    {0xd4b, 0xd47, 0xd3e},
    {0xd4c, 0xd46, 0xd57},
    {0xdda, 0xdd9, 0xdca},
    {0xddc, 0xdd9, 0xdcf},
    {0xddd, 0xddc, 0xdca},
    {0xdde, 0xdd9, 0xddf},
    {0xf43, 0xf42, 0xfb7},
    {0xf4d, 0xf4c, 0xfb7},
    {0xf52, 0xf51, 0xfb7},
    {0xf57, 0xf56, 0xfb7},
    {0xf5c, 0xf5b, 0xfb7},
    {0xf69, 0xf40, 0xfb5},
    {0xf73, 0xf71, 0xf72},
    {0xf75, 0xf71, 0xf74},
    {0xf76, 0xfb2, 0xf80},
    {0xf78, 0xfb3, 0xf80},
    {0xf81, 0xf71, 0xf80},
    {0xf93, 0xf92, 0xfb7},
    {0xf9d, 0xf9c, 0xfb7},
    {0xfa2, 0xfa1, 0xfb7},
    {0xfa7, 0xfa6, 0xfb7},
    {0xfac, 0xfab, 0xfb7},
    {0xfb9, 0xf90, 0xfb5},
    {0x1026, 0x1025, 0x102e},
    {0x1b06, 0x1b05, 0x1b35},
    {0x1b08, 0x1b07, 0x1b35},
    {0x1b0a, 0x1b09, 0x1b35},
    {0x1b0c, 0x1b0b, 0x1b35},
    {0x1b0e, 0x1b0d, 0x1b35},
    {0x1b12, 0x1b11, 0x1b35},
    {0x1b3b, 0x1b3a, 0x1b35},
    {0x1b3d, 0x1b3c, 0x1b35},
    {0x1b40, 0x1b3e, 0x1b35},
    {0x1b41, 0x1b3f, 0x1b35},
    {0x1b43, 0x1b42, 0x1b35},
    {0x1e00, 0x41, 0x325},
    {0x1e01, 0x61, 0x325},
    {0x1e02, 0x42, 0x307},
    {0x1e03, 0x62, 0x307},
    {0x1e04, 0x42, 0x323},
    {0x1e05, 0x62, 0x323},
    {0x1e06, 0x42, 0x331},
    {0x1e07, 0x62, 0x331},
    {0x1e08, 0xc7, 0x301},
    {0x1e09, 0xe7, 0x301},
    {0x1e0a, 0x44, 0x307},
    {0x1e0b, 0x64, 0x307},
    {0x1e0c, 0x44, 0x323},
    {0x1e0d, 0x64, 0x323},
    {0x1e0e, 0x44, 0x331},
    {0x1e0f, 0x64, 0x331},
    {0x1e10, 0x44, 0x327},
    {0x1e11, 0x64, 0x327},
    {0x1e12, 0x44, 0x32d},
    {0x1e13, 0x64, 0x32d},
    {0x1e14, 0x112, 0x300},
    {0x1e15, 0x113, 0x300},
    {0x1e16, 0x112, 0x301},
    {0x1e17, 0x113, 0x301},
    {0x1e18, 0x45, 0x32d},
    {0x1e19, 0x65, 0x32d},
    {0x1e1a, 0x45, 0x330},
    {0x1e1b, 0x65, 0x330},
    {0x1e1c, 0x228, 0x306},
    {0x1e1d, 0x229, 0x306},
    {0x1e1e, 0x46, 0x307},
    {0x1e1f, 0x66, 0x307},
    {0x1e20, 0x47, 0x304},
    {0x1e21, 0x67, 0x304},
    {0x1e22, 0x48, 0x307},
    {0x1e23, 0x68, 0x307},
    {0x1e24, 0x48, 0x323},
    {0x1e25, 0x68, 0x323},
    {0x1e26, 0x48, 0x308},
    {0x1e27, 0x68, 0x308},
    {0x1e28, 0x48, 0x327},
    {0x1e29, 0x68, 0x327},
    {0x1e2a, 0x48, 0x32e},
    {0x1e2b, 0x68, 0x32e},
    {0x1e2c, 0x49, 0x330},
    {0x1e2d, 0x69, 0x330},
    {0x1e2e, 0xcf, 0x301},
    {0x1e2f, 0xef, 0x301},
    {0x1e30, 0x4b, 0x301},
    {0x1e31, 0x6b, 0x301},
    {0x1e32, 0x4b, 0x323},
    {0x1e33, 0x6b, 0x323},
    {0x1e34, 0x4b, 0x331},
    {0x1e35, 0x6b, 0x331},
    {0x1e36, 0x4c, 0x323},
    {0x1e37, 0x6c, 0x323},
    {0x1e38, 0x1e36, 0x304},
    {0x1e39, 0x1e37, 0x304},
    {0x1e3a, 0x4c, 0x331},
    {0x1e3b, 0x6c, 0x331},
    {0x1e3c, 0x4c, 0x32d},
    {0x1e3d, 0x6c, 0x32d},
    {0x1e3e, 0x4d, 0x301},
    {0x1e3f, 0x6d, 0x301},
    {0x1e40, 0x4d, 0x307},
    {0x1e41, 0x6d, 0x307},
    {0x1e42, 0x4d, 0x323},
    {0x1e43, 0x6d, 0x323},
    {0x1e44, 0x4e, 0x307},
    {0x1e45, 0x6e, 0x307},
    {0x1e46, 0x4e, 0x323},
    {0x1e47, 0x6e, 0x323},
    {0x1e48, 0x4e, 0x331},
    {0x1e49, 0x6e, 0x331},
    {0x1e4a, 0x4e, 0x32d},
    {0x1e4b, 0x6e, 0x32d},
    {0x1e4c, 0xd5, 0x301},
    {0x1e4d, 0xf5, 0x301},
    {0x1e4e, 0xd5, 0x308},
    {0x1e4f, 0xf5, 0x308},
    {0x1e50, 0x14c, 0x300},
    {0x1e51, 0x14d, 0x300},
    {0x1e52, 0x14c, 0x301},
    {0x1e53, 0x14d, 0x301},
    {0x1e54, 0x50, 0x301},
    {0x1e55, 0x70, 0x301},
    {0x1e56, 0x50, 0x307},
    {0x1e57, 0x70, 0x307},
    {0x1e58, 0x52, 0x307},
    {0x1e59, 0x72, 0x307},
    {0x1e5a, 0x52, 0x323},
    {0x1e5b, 0x72, 0x323},
    {0x1e5c, 0x1e5a, 0x304},
    {0x1e5d, 0x1e5b, 0x304},
    {0x1e5e, 0x52, 0x331},
    {0x1e5f, 0x72, 0x331},
    {0x1e60, 0x53, 0x307},
    {0x1e61, 0x73, 0x307},
    {0x1e62, 0x53, 0x323},
    {0x1e63, 0x73, 0x323},
    {0x1e64, 0x15a, 0x307},
    {0x1e65, 0x15b, 0x307},
    {0x1e66, 0x160, 0x307},
    {0x1e67, 0x161, 0x307},
    {0x1e68, 0x1e62, 0x307},
    {0x1e69, 0x1e63, 0x307},
    {0x1e6a, 0x54, 0x307},
    {0x1e6b, 0x74, 0x307},
    {0x1e6c, 0x54, 0x323},
    {0x1e6d, 0x74, 0x323},
    {0x1e6e, 0x54, 0x331},
    {0x1e6f, 0x74, 0x331},
    {0x1e70, 0x54, 0x32d},
    {0x1e71, 0x74, 0x32d},
    {0x1e72, 0x55, 0x324},
    {0x1e73, 0x75, 0x324},
    {0x1e74, 0x55, 0x330},
    {0x1e75, 0x75, 0x330},
    {0x1e76, 0x55, 0x32d},
    {0x1e77, 0x75, 0x32d},
    {0x1e78, 0x168, 0x301},
    {0x1e79, 0x169, 0x301},
    {0x1e7a, 0x16a, 0x308},
    {0x1e7b, 0x16b, 0x308},
    {0x1e7c, 0x56, 0x303},
    {0x1e7d, 0x76, 0x303},
    {0x1e7e, 0x56, 0x323},
    {0x1e7f, 0x76, 0x323},
    {0x1e80, 0x57, 0x300},
    {0x1e81, 0x77, 0x300},
    {0x1e82, 0x57, 0x301},
    {0x1e83, 0x77, 0x301},
    {0x1e84, 0x57, 0x308},
    {0x1e85, 0x77, 0x308},
    {0x1e86, 0x57, 0x307},
    {0x1e87, 0x77, 0x307},
    {0x1e88, 0x57, 0x323},
    {0x1e89, 0x77, 0x323},
    {0x1e8a, 0x58, 0x307},
    {0x1e8b, 0x78, 0x307},
    {0x1e8c, 0x58, 0x308},
    {0x1e8d, 0x78, 0x308},
    {0x1e8e, 0x59, 0x307},
    {0x1e8f, 0x79, 0x307},
    {0x1e90, 0x5a, 0x302},
    {0x1e91, 0x7a, 0x302},
    {0x1e92, 0x5a, 0x323},
    {0x1e93, 0x7a, 0x323},
    {0x1e94, 0x5a, 0x331},
    {0x1e95, 0x7a, 0x331},
    {0x1e96, 0x68, 0x331},
    {0x1e97, 0x74, 0x308},
    {0x1e98, 0x77, 0x30a},
    {0x1e99, 0x79, 0x30a},
    {0x1e9b, 0x17f, 0x307},
    {0x1ea0, 0x41, 0x323},
    {0x1ea1, 0x61, 0x323},
    {0x1ea2, 0x41, 0x309},
    {0x1ea3, 0x61, 0x309},
    {0x1ea4, 0xc2, 0x301},
    {0x1ea5, 0xe2, 0x301},
    {0x1ea6, 0xc2, 0x300},
    {0x1ea7, 0xe2, 0x300},
    {0x1ea8, 0xc2, 0x309},
    {0x1ea9, 0xe2, 0x309},
    {0x1eaa, 0xc2, 0x303},
    {0x1eab, 0xe2, 0x303},
    {0x1eac, 0x1ea0, 0x302},
    {0x1ead, 0x1ea1, 0x302},
    {0x1eae, 0x102, 0x301},
    {0x1eaf, 0x103, 0x301},
    {0x1eb0, 0x102, 0x300},
    {0x1eb1, 0x103, 0x300},
    {0x1eb2, 0x102, 0x309},
    {0x1eb3, 0x103, 0x309},
    {0x1eb4, 0x102, 0x303},
    {0x1eb5, 0x103, 0x303},
    {0x1eb6, 0x1ea0, 0x306},
    {0x1eb7, 0x1ea1, 0x306},
    {0x1eb8, 0x45, 0x323},
    {0x1eb9, 0x65, 0x323},
    {0x1eba, 0x45, 0x309},
    {0x1ebb, 0x65, 0x309},
    {0x1ebc, 0x45, 0x303},
    {0x1ebd, 0x65, 0x303},
    {0x1ebe, 0xca, 0x301},
    {0x1ebf, 0xea, 0x301},
    {0x1ec0, 0xca, 0x300},
    {0x1ec1, 0xea, 0x300},
    {0x1ec2, 0xca, 0x309},
    {0x1ec3, 0xea, 0x309},
    {0x1ec4, 0xca, 0x303},
    {0x1ec5, 0xea, 0x303},
    {0x1ec6, 0x1eb8, 0x302},
    {0x1ec7, 0x1eb9, 0x302},
    {0x1ec8, 0x49, 0x309},
    {0x1ec9, 0x69, 0x309},
    {0x1eca, 0x49, 0x323},
    {0x1ecb, 0x69, 0x323},
    {0x1ecc, 0x4f, 0x323},
    {0x1ecd, 0x6f, 0x323},
    {0x1ece, 0x4f, 0x309},
    {0x1ecf, 0x6f, 0x309},
    {0x1ed0, 0xd4, 0x301},
    {0x1ed1, 0xf4, 0x301},
    {0x1ed2, 0xd4, 0x300},
    {0x1ed3, 0xf4, 0x300},
    {0x1ed4, 0xd4, 0x309},
    {0x1ed5, 0xf4, 0x309},
    {0x1ed6, 0xd4, 0x303},
    {0x1ed7, 0xf4, 0x303},
    {0x1ed8, 0x1ecc, 0x302},
    {0x1ed9, 0x1ecd, 0x302},
    {0x1eda, 0x1a0, 0x301},
    {0x1edb, 0x1a1, 0x301},
    {0x1edc, 0x1a0, 0x300},
    {0x1edd, 0x1a1, 0x300},
    {0x1ede, 0x1a0, 0x309},
    {0x1edf, 0x1a1, 0x309},
    {0x1ee0, 0x1a0, 0x303},
    {0x1ee1, 0x1a1, 0x303},
    {0x1ee2, 0x1a0, 0x323},
    {0x1ee3, 0x1a1, 0x323},
    {0x1ee4, 0x55, 0x323},
    {0x1ee5, 0x75, 0x323},
    {0x1ee6, 0x55, 0x309},
    {0x1ee7, 0x75, 0x309},
    {0x1ee8, 0x1af, 0x301},
    {0x1ee9, 0x1b0, 0x301},
    {0x1eea, 0x1af, 0x300},
    {0x1eeb, 0x1b0, 0x300},
    {0x1eec, 0x1af, 0x309},
    {0x1eed, 0x1b0, 0x309},
    {0x1eee, 0x1af, 0x303},
    {0x1eef, 0x1b0, 0x303},
    {0x1ef0, 0x1af, 0x323},
    {0x1ef1, 0x1b0, 0x323},
    {0x1ef2, 0x59, 0x300},
    {0x1ef3, 0x79, 0x300},
    {0x1ef4, 0x59, 0x323},
    {0x1ef5, 0x79, 0x323},
    {0x1ef6, 0x59, 0x309},
    {0x1ef7, 0x79, 0x309},
    {0x1ef8, 0x59, 0x303},
    {0x1ef9, 0x79, 0x303},
    {0x1f00, 0x3b1, 0x313},
    {0x1f01, 0x3b1, 0x314},
    {0x1f02, 0x1f00, 0x300},
    {0x1f03, 0x1f01, 0x300},
    {0x1f04, 0x1f00, 0x301},
    {0x1f05, 0x1f01, 0x301},
    {0x1f06, 0x1f00, 0x342},
    {0x1f07, 0x1f01, 0x342},
    {0x1f08, 0x391, 0x313},
    {0x1f09, 0x391, 0x314},
    {0x1f0a, 0x1f08, 0x300},
    {0x1f0b, 0x1f09, 0x300},
    {0x1f0c, 0x1f08, 0x301},
    {0x1f0d, 0x1f09, 0x301},
    {0x1f0e, 0x1f08, 0x342},
    {0x1f0f, 0x1f09, 0x342},
    {0x1f10, 0x3b5, 0x313},
    {0x1f11, 0x3b5, 0x314},
    {0x1f12, 0x1f10, 0x300},
    {0x1f13, 0x1f11, 0x300},
    {0x1f14, 0x1f10, 0x301},
    {0x1f15, 0x1f11, 0x301},
    {0x1f18, 0x395, 0x313},
    {0x1f19, 0x395, 0x314},
    {0x1f1a, 0x1f18, 0x300},
    {0x1f1b, 0x1f19, 0x300},
    {0x1f1c, 0x1f18, 0x301},
    {0x1f1d, 0x1f19, 0x301},
    {0x1f20, 0x3b7, 0x313},
    {0x1f21, 0x3b7, 0x314},
    {0x1f22, 0x1f20, 0x300},
    {0x1f23, 0x1f21, 0x300},
    {0x1f24, 0x1f20, 0x301},
    {0x1f25, 0x1f21, 0x301},
    {0x1f26, 0x1f20, 0x342},
    {0x1f27, 0x1f21, 0x342},
    {0x1f28, 0x397, 0x313},
    {0x1f29, 0x397, 0x314},
    {0x1f2a, 0x1f28, 0x300},
    {0x1f2b, 0x1f29, 0x300},
    {0x1f2c, 0x1f28, 0x301},
    {0x1f2d, 0x1f29, 0x301},
    {0x1f2e, 0x1f28, 0x342},
    {0x1f2f, 0x1f29, 0x342},
    {0x1f30, 0x3b9, 0x313},
    {0x1f31, 0x3b9, 0x314},
    {0x1f32, 0x1f30, 0x300},
    {0x1f33, 0x1f31, 0x300},
    {0x1f34, 0x1f30, 0x301},
    {0x1f35, 0x1f31, 0x301},
    {0x1f36, 0x1f30, 0x342},
    {0x1f37, 0x1f31, 0x342},
    {0x1f38, 0x399, 0x313},
    {0x1f39, 0x399, 0x314},
    {0x1f3a, 0x1f38, 0x300},
    {0x1f3b, 0x1f39, 0x300},
    {0x1f3c, 0x1f38, 0x301},
    {0x1f3d, 0x1f39, 0x301},
    {0x1f3e, 0x1f38, 0x342},
    {0x1f3f, 0x1f39, 0x342},
    {0x1f40, 0x3bf, 0x313},
    {0x1f41, 0x3bf, 0x314},
    {0x1f42, 0x1f40, 0x300},
    {0x1f43, 0x1f41, 0x300},
    {0x1f44, 0x1f40, 0x301},
    {0x1f45, 0x1f41, 0x301},
    {0x1f48, 0x39f, 0x313},
    {0x1f49, 0x39f, 0x314},
    {0x1f4a, 0x1f48, 0x300},
    {0x1f4b, 0x1f49, 0x300},
    {0x1f4c, 0x1f48, 0x301},
    {0x1f4d, 0x1f49, 0x301},
    {0x1f50, 0x3c5, 0x313},
    {0x1f51, 0x3c5, 0x314},
    {0x1f52, 0x1f50, 0x300},
    {0x1f53, 0x1f51, 0x300},
    {0x1f54, 0x1f50, 0x301},
    {0x1f55, 0x1f51, 0x301},
    {0x1f56, 0x1f50, 0x342},
    {0x1f57, 0x1f51, 0x342},
    {0x1f59, 0x3a5, 0x314},
    {0x1f5b, 0x1f59, 0x300},
    {0x1f5d, 0x1f59, 0x301},
    {0x1f5f, 0x1f59, 0x342},
    {0x1f60, 0x3c9, 0x313},
    {0x1f61, 0x3c9, 0x314},
    {0x1f62, 0x1f60, 0x300},
    {0x1f63, 0x1f61, 0x300},
    {0x1f64, 0x1f60, 0x301},
    {0x1f65, 0x1f61, 0x301},
    {0x1f66, 0x1f60, 0x342},
    {0x1f67, 0x1f61, 0x342},
    {0x1f68, 0x3a9, 0x313},
    {0x1f69, 0x3a9, 0x314},
    {0x1f6a, 0x1f68, 0x300},
    {0x1f6b, 0x1f69, 0x300},
    {0x1f6c, 0x1f68, 0x301},
    {0x1f6d, 0x1f69, 0x301},
    {0x1f6e, 0x1f68, 0x342},
    {0x1f6f, 0x1f69, 0x342},
    {0x1f70, 0x3b1, 0x300},
    {0x1f71, 0x3ac, 0x0},
    {0x1f72, 0x3b5, 0x300},
    {0x1f73, 0x3ad, 0x0},
    {0x1f74, 0x3b7, 0x300},
    {0x1f75, 0x3ae, 0x0},
    {0x1f76, 0x3b9, 0x300},
    {0x1f77, 0x3af, 0x0},
    {0x1f78, 0x3bf, 0x300},
    {0x1f79, 0x3cc, 0x0},
    {0x1f7a, 0x3c5, 0x300},
    {0x1f7b, 0x3cd, 0x0},
    {0x1f7c, 0x3c9, 0x300},
    {0x1f7d, 0x3ce, 0x0},
    {0x1f80, 0x1f00, 0x345},
    {0x1f81, 0x1f01, 0x345},
    {0x1f82, 0x1f02, 0x345},
    {0x1f83, 0x1f03, 0x345},
    {0x1f84, 0x1f04, 0x345},
    {0x1f85, 0x1f05, 0x345},
    {0x1f86, 0x1f06, 0x345},
    {0x1f87, 0x1f07, 0x345},
    {0x1f88, 0x1f08, 0x345},
    {0x1f89, 0x1f09, 0x345},
    {0x1f8a, 0x1f0a, 0x345},
    {0x1f8b, 0x1f0b, 0x345},
    {0x1f8c, 0x1f0c, 0x345},
    {0x1f8d, 0x1f0d, 0x345},
    {0x1f8e, 0x1f0e, 0x345},
    {0x1f8f, 0x1f0f, 0x345},
    {0x1f90, 0x1f20, 0x345},
    {0x1f91, 0x1f21, 0x345},
    {0x1f92, 0x1f22, 0x345},
    {0x1f93, 0x1f23, 0x345},
    {0x1f94, 0x1f24, 0x345},
    {0x1f95, 0x1f25, 0x345},
    {0x1f96, 0x1f26, 0x345},
    {0x1f97, 0x1f27, 0x345},
    {0x1f98, 0x1f28, 0x345},
    {0x1f99, 0x1f29, 0x345},
    {0x1f9a, 0x1f2a, 0x345},
    {0x1f9b, 0x1f2b, 0x345},
    {0x1f9c, 0x1f2c, 0x345},
    {0x1f9d, 0x1f2d, 0x345},
    {0x1f9e, 0x1f2e, 0x345},
    {0x1f9f, 0x1f2f, 0x345},
    {0x1fa0, 0x1f60, 0x345},
    {0x1fa1, 0x1f61, 0x345},
    {0x1fa2, 0x1f62, 0x345},
    {0x1fa3, 0x1f63, 0x345},
    {0x1fa4, 0x1f64, 0x345},
    {0x1fa5, 0x1f65, 0x345},
    {0x1fa6, 0x1f66, 0x345},
    {0x1fa7, 0x1f67, 0x345},
    {0x1fa8, 0x1f68, 0x345},
    {0x1fa9, 0x1f69, 0x345},
    {0x1faa, 0x1f6a, 0x345},
    {0x1fab, 0x1f6b, 0x345},
    {0x1fac, 0x1f6c, 0x345},
    {0x1fad, 0x1f6d, 0x345},
    {0x1fae, 0x1f6e, 0x345},
    {0x1faf, 0x1f6f, 0x345},
    {0x1fb0, 0x3b1, 0x306},
    {0x1fb1, 0x3b1, 0x304},
    {0x1fb2, 0x1f70, 0x345},
    {0x1fb3, 0x3b1, 0x345},
    {0x1fb4, 0x3ac, 0x345},
    {0x1fb6, 0x3b1, 0x342},
    {0x1fb7, 0x1fb6, 0x345},
    {0x1fb8, 0x391, 0x306},
    {0x1fb9, 0x391, 0x304},
    {0x1fba, 0x391, 0x300},
    {0x1fbb, 0x386, 0x0},
    {0x1fbc, 0x391, 0x345},
    {0x1fbe, 0x3b9, 0x0},
    {0x1fc1, 0xa8, 0x342},
    {0x1fc2, 0x1f74, 0x345},
    {0x1fc3, 0x3b7, 0x345},
    {0x1fc4, 0x3ae, 0x345},
    {0x1fc6, 0x3b7, 0x342},
    {0x1fc7, 0x1fc6, 0x345},
    {0x1fc8, 0x395, 0x300},
    {0x1fc9, 0x388, 0x0},
    {0x1fca, 0x397, 0x300},
    {0x1fcb, 0x389, 0x0},
    {0x1fcc, 0x397, 0x345},
    {0x1fcd, 0x1fbf, 0x300},
    {0x1fce, 0x1fbf, 0x301},
    {0x1fcf, 0x1fbf, 0x342},
    {0x1fd0, 0x3b9, 0x306},
    {0x1fd1, 0x3b9, 0x304},
    {0x1fd2, 0x3ca, 0x300},
    {0x1fd3, 0x390, 0x0},
    {0x1fd6, 0x3b9, 0x342},
    {0x1fd7, 0x3ca, 0x342},
    {0x1fd8, 0x399, 0x306},
    {0x1fd9, 0x399, 0x304},
    {0x1fda, 0x399, 0x300},
    {0x1fdb, 0x38a, 0x0},
    {0x1fdd, 0x1ffe, 0x300},
    {0x1fde, 0x1ffe, 0x301},
    {0x1fdf, 0x1ffe, 0x342},
    {0x1fe0, 0x3c5, 0x306},
    {0x1fe1, 0x3c5, 0x304},
    {0x1fe2, 0x3cb, 0x300},
    {0x1fe3, 0x3b0, 0x0},
    {0x1fe4, 0x3c1, 0x313},
    {0x1fe5, 0x3c1, 0x314},
    {0x1fe6, 0x3c5, 0x342},
    {0x1fe7, 0x3cb, 0x342},
    {0x1fe8, 0x3a5, 0x306},
    {0x1fe9, 0x3a5, 0x304},
    {0x1fea, 0x3a5, 0x300},
    {0x1feb, 0x38e, 0x0},
    {0x1fec, 0x3a1, 0x314},
    {0x1fed, 0xa8, 0x300},
    {0x1fee, 0x385, 0x0},
    {0x1fef, 0x60, 0x0},
    {0x1ff2, 0x1f7c, 0x345},
    {0x1ff3, 0x3c9, 0x345},
    {0x1ff4, 0x3ce, 0x345},
    {0x1ff6, 0x3c9, 0x342},
    {0x1ff7, 0x1ff6, 0x345},
    {0x1ff8, 0x39f, 0x300},
    {0x1ff9, 0x38c, 0x0},
    {0x1ffa, 0x3a9, 0x300},
    {0x1ffb, 0x38f, 0x0},
    {0x1ffc, 0x3a9, 0x345},
    {0x1ffd, 0xb4, 0x0},
    {0x2000, 0x2002, 0x0},
    {0x2001, 0x2003, 0x0},
    {0x2126, 0x3a9, 0x0},
    {0x212a, 0x4b, 0x0},
    {0x212b, 0xc5, 0x0},
    {0x219a, 0x2190, 0x338},
    {0x219b, 0x2192, 0x338},
    {0x21ae, 0x2194, 0x338},
    {0x21cd, 0x21d0, 0x338},
    {0x21ce, 0x21d4, 0x338},
    {0x21cf, 0x21d2, 0x338},
    {0x2204, 0x2203, 0x338},
    {0x2209, 0x2208, 0x338},
    {0x220c, 0x220b, 0x338},
    {0x2224, 0x2223, 0x338},
    {0x2226, 0x2225, 0x338},
    {0x2241, 0x223c, 0x338},
    {0x2244, 0x2243, 0x338},
    {0x2247, 0x2245, 0x338},
    {0x2249, 0x2248, 0x338},
    {0x2260, 0x3d, 0x338},
    {0x2262, 0x2261, 0x338},
    {0x226d, 0x224d, 0x338},
    {0x226e, 0x3c, 0x338},
    {0x226f, 0x3e, 0x338},
    {0x2270, 0x2264, 0x338},
    {0x2271, 0x2265, 0x338},
    {0x2274, 0x2272, 0x338},
    {0x2275, 0x2273, 0x338},
    {0x2278, 0x2276, 0x338},
    {0x2279, 0x2277, 0x338},
    {0x2280, 0x227a, 0x338},
    {0x2281, 0x227b, 0x338},
    {0x2284, 0x2282, 0x338},
    {0x2285, 0x2283, 0x338},
    {0x2288, 0x2286, 0x338},
    {0x2289, 0x2287, 0x338},
    {0x22ac, 0x22a2, 0x338},
    {0x22ad, 0x22a8, 0x338},
    {0x22ae, 0x22a9, 0x338},
    {0x22af, 0x22ab, 0x338},
    {0x22e0, 0x227c, 0x338},
    {0x22e1, 0x227d, 0x338},
    {0x22e2, 0x2291, 0x338},
    {0x22e3, 0x2292, 0x338},
    {0x22ea, 0x22b2, 0x338},
    {0x22eb, 0x22b3, 0x338},
    {0x22ec, 0x22b4, 0x338},
    {0x22ed, 0x22b5, 0x338},
    {0x2329, 0x3008, 0x0},
    {0x232a, 0x3009, 0x0},
    {0x2adc, 0x2add, 0x338},
    {0x304c, 0x304b, 0x3099},
    {0x304e, 0x304d, 0x3099},
    {0x3050, 0x304f, 0x3099},
    {0x3052, 0x3051, 0x3099},
    {0x3054, 0x3053, 0x3099},
    {0x3056, 0x3055, 0x3099},
    {0x3058, 0x3057, 0x3099},
    {0x305a, 0x3059, 0x3099},
    {0x305c, 0x305b, 0x3099},
    {0x305e, 0x305d, 0x3099},
    {0x3060, 0x305f, 0x3099},
    {0x3062, 0x3061, 0x3099},
    {0x3065, 0x3064, 0x3099},
    {0x3067, 0x3066, 0x3099},
    {0x3069, 0x3068, 0x3099},
    {0x3070, 0x306f, 0x3099},
    {0x3071, 0x306f, 0x309a},
    {0x3073, 0x3072, 0x3099},
    {0x3074, 0x3072, 0x309a},
    {0x3076, 0x3075, 0x3099},
    {0x3077, 0x3075, 0x309a},
    {0x3079, 0x3078, 0x3099},
    {0x307a, 0x3078, 0x309a},
    {0x307c, 0x307b, 0x3099},
    {0x307d, 0x307b, 0x309a},
    {0x3094, 0x3046, 0x3099},
    {0x309e, 0x309d, 0x3099},
    {0x30ac, 0x30ab, 0x3099},
    {0x30ae, 0x30ad, 0x3099},
    {0x30b0, 0x30af, 0x3099},
    {0x30b2, 0x30b1, 0x3099},
    {0x30b4, 0x30b3, 0x3099},
    {0x30b6, 0x30b5, 0x3099},
    {0x30b8, 0x30b7, 0x3099},
    {0x30ba, 0x30b9, 0x3099},
    {0x30bc, 0x30bb, 0x3099},
    {0x30be, 0x30bd, 0x3099},
    {0x30c0, 0x30bf, 0x3099},
    {0x30c2, 0x30c1, 0x3099},
    {0x30c5, 0x30c4, 0x3099},
    {0x30c7, 0x30c6, 0x3099},
    {0x30c9, 0x30c8, 0x3099},
    {0x30d0, 0x30cf, 0x3099},
    {0x30d1, 0x30cf, 0x309a},
    {0x30d3, 0x30d2, 0x3099},
    {0x30d4, 0x30d2, 0x309a},
    {0x30d6, 0x30d5, 0x3099},
    {0x30d7, 0x30d5, 0x309a},
    {0x30d9, 0x30d8, 0x3099},
    {0x30da, 0x30d8, 0x309a},
    {0x30dc, 0x30db, 0x3099},
    {0x30dd, 0x30db, 0x309a},
    {0x30f4, 0x30a6, 0x3099},
    {0x30f7, 0x30ef, 0x3099},
    {0x30f8, 0x30f0, 0x3099},
    {0x30f9, 0x30f1, 0x3099},
    {0x30fa, 0x30f2, 0x3099},
    {0x30fe, 0x30fd, 0x3099},
    {0xf900, 0x8c48, 0x0},
    {0xf901, 0x66f4, 0x0},
    {0xf902, 0x8eca, 0x0},
    {0xf903, 0x8cc8, 0x0},
    {0xf904, 0x6ed1, 0x0},
    {0xf905, 0x4e32, 0x0},
    {0xf906, 0x53e5, 0x0},
    {0xf907, 0x9f9c, 0x0},
    {0xf908, 0x9f9c, 0x0},
    {0xf909, 0x5951, 0x0},
    {0xf90a, 0x91d1, 0x0},
    {0xf90b, 0x5587, 0x0},
    {0xf90c, 0x5948, 0x0},
    {0xf90d, 0x61f6, 0x0},
    {0xf90e, 0x7669, 0x0},
    {0xf90f, 0x7f85, 0x0},
    {0xf910, 0x863f, 0x0},
    {0xf911, 0x87ba, 0x0},
    {0xf912, 0x88f8, 0x0},
    {0xf913, 0x908f, 0x0},
    {0xf914, 0x6a02, 0x0},
    {0xf915, 0x6d1b, 0x0},
    {0xf916, 0x70d9, 0x0},
    {0xf917, 0x73de, 0x0},
    {0xf918, 0x843d, 0x0},
    {0xf919, 0x916a, 0x0},
    {0xf91a, 0x99f1, 0x0},
    {0xf91b, 0x4e82, 0x0},
    {0xf91c, 0x5375, 0x0},
    {0xf91d, 0x6b04, 0x0},
    {0xf91e, 0x721b, 0x0},
    {0xf91f, 0x862d, 0x0},
    {0xf920, 0x9e1e, 0x0},
    {0xf921, 0x5d50, 0x0},
    {0xf922, 0x6feb, 0x0},
    {0xf923, 0x85cd, 0x0},
    {0xf924, 0x8964, 0x0},
    {0xf925, 0x62c9, 0x0},
    {0xf926, 0x81d8, 0x0},
    {0xf927, 0x881f, 0x0},
    {0xf928, 0x5eca, 0x0},
    {0xf929, 0x6717, 0x0},
    {0xf92a, 0x6d6a, 0x0},
    {0xf92b, 0x72fc, 0x0},
    {0xf92c, 0x90ce, 0x0},
    {0xf92d, 0x4f86, 0x0},
    {0xf92e, 0x51b7, 0x0},
    {0xf92f, 0x52de, 0x0},
    {0xf930, 0x64c4, 0x0},
    {0xf931, 0x6ad3, 0x0},
    {0xf932, 0x7210, 0x0},
    {0xf933, 0x76e7, 0x0},
    {0xf934, 0x8001, 0x0},
    {0xf935, 0x8606, 0x0},
    {0xf936, 0x865c, 0x0},
    {0xf937, 0x8def, 0x0},
    {0xf938, 0x9732, 0x0},
    {0xf939, 0x9b6f, 0x0},
    {0xf93a, 0x9dfa, 0x0},
    {0xf93b, 0x788c, 0x0},
    {0xf93c, 0x797f, 0x0},
    {0xf93d, 0x7da0, 0x0},
    {0xf93e, 0x83c9, 0x0},
    {0xf93f, 0x9304, 0x0},
    {0xf940, 0x9e7f, 0x0},
    {0xf941, 0x8ad6, 0x0},
    {0xf942, 0x58df, 0x0},
    {0xf943, 0x5f04, 0x0},
    {0xf944, 0x7c60, 0x0},
    {0xf945, 0x807e, 0x0},
    {0xf946, 0x7262, 0x0},
    {0xf947, 0x78ca, 0x0},
    {0xf948, 0x8cc2, 0x0},
    {0xf949, 0x96f7, 0x0},
    {0xf94a, 0x58d8, 0x0},
    {0xf94b, 0x5c62, 0x0},
    {0xf94c, 0x6a13, 0x0},
    {0xf94d, 0x6dda, 0x0},
    {0xf94e, 0x6f0f, 0x0},
    {0xf94f, 0x7d2f, 0x0},
    {0xf950, 0x7e37, 0x0},
    {0xf951, 0x964b, 0x0},
    {0xf952, 0x52d2, 0x0},
    {0xf953, 0x808b, 0x0},
    {0xf954, 0x51dc, 0x0},
    {0xf955, 0x51cc, 0x0},
    {0xf956, 0x7a1c, 0x0},
    {0xf957, 0x7dbe, 0x0},
    {0xf958, 0x83f1, 0x0},
    {0xf959, 0x9675, 0x0},
    {0xf95a, 0x8b80, 0x0},
    {0xf95b, 0x62cf, 0x0},
    {0xf95c, 0x6a02, 0x0},
    {0xf95d, 0x8afe, 0x0},
    {0xf95e, 0x4e39, 0x0},
    {0xf95f, 0x5be7, 0x0},
    {0xf960, 0x6012, 0x0},
    {0xf961, 0x7387, 0x0},
    {0xf962, 0x7570, 0x0},
    {0xf963, 0x5317, 0x0},
    {0xf964, 0x78fb, 0x0},
    {0xf965, 0x4fbf, 0x0},
    {0xf966, 0x5fa9, 0x0},
    {0xf967, 0x4e0d, 0x0},
    {0xf968, 0x6ccc, 0x0},
    {0xf969, 0x6578, 0x0},
    {0xf96a, 0x7d22, 0x0},
    {0xf96b, 0x53c3, 0x0},
    {0xf96c, 0x585e, 0x0},
    {0xf96d, 0x7701, 0x0},
    {0xf96e, 0x8449, 0x0},
    {0xf96f, 0x8aaa, 0x0},
    {0xf970, 0x6bba, 0x0},
    {0xf971, 0x8fb0, 0x0},
    {0xf972, 0x6c88, 0x0},
    {0xf973, 0x62fe, 0x0},
    {0xf974, 0x82e5, 0x0},
    {0xf975, 0x63a0, 0x0},
    {0xf976, 0x7565, 0x0},
    {0xf977, 0x4eae, 0x0},
    {0xf978, 0x5169, 0x0},
    {0xf979, 0x51c9, 0x0},
    {0xf97a, 0x6881, 0x0},
    {0xf97b, 0x7ce7, 0x0},
    {0xf97c, 0x826f, 0x0},
    {0xf97d, 0x8ad2, 0x0},
    {0xf97e, 0x91cf, 0x0},
    {0xf97f, 0x52f5, 0x0},
    {0xf980, 0x5442, 0x0},
    {0xf981, 0x5973, 0x0},
    {0xf982, 0x5eec, 0x0},
    {0xf983, 0x65c5, 0x0},
    {0xf984, 0x6ffe, 0x0},
    {0xf985, 0x792a, 0x0},
    {0xf986, 0x95ad, 0x0},
    {0xf987, 0x9a6a, 0x0},
    {0xf988, 0x9e97, 0x0},
    {0xf989, 0x9ece, 0x0},
    {0xf98a, 0x529b, 0x0},
    {0xf98b, 0x66c6, 0x0},
    {0xf98c, 0x6b77, 0x0},
    {0xf98d, 0x8f62, 0x0},
    {0xf98e, 0x5e74, 0x0},
    {0xf98f, 0x6190, 0x0},
    {0xf990, 0x6200, 0x0},
    {0xf991, 0x649a, 0x0},
    {0xf992, 0x6f23, 0x0},
    {0xf993, 0x7149, 0x0},
    {0xf994, 0x7489, 0x0},
    {0xf995, 0x79ca, 0x0},
    {0xf996, 0x7df4, 0x0},
    {0xf997, 0x806f, 0x0},
    {0xf998, 0x8f26, 0x0},
    {0xf999, 0x84ee, 0x0},
    {0xf99a, 0x9023, 0x0},
    {0xf99b, 0x934a, 0x0},
    {0xf99c, 0x5217, 0x0},
    {0xf99d, 0x52a3, 0x0},
    {0xf99e, 0x54bd, 0x0},
    {0xf99f, 0x70c8, 0x0},
    {0xf9a0, 0x88c2, 0x0},
    {0xf9a1, 0x8aaa, 0x0},
    {0xf9a2, 0x5ec9, 0x0},
    {0xf9a3, 0x5ff5, 0x0},
    {0xf9a4, 0x637b, 0x0},
    {0xf9a5, 0x6bae, 0x0},
    {0xf9a6, 0x7c3e, 0x0},
    {0xf9a7, 0x7375, 0x0},
    {0xf9a8, 0x4ee4, 0x0},
    {0xf9a9, 0x56f9, 0x0},
    {0xf9aa, 0x5be7, 0x0},
    {0xf9ab, 0x5dba, 0x0},
    {0xf9ac, 0x601c, 0x0},
    {0xf9ad, 0x73b2, 0x0},
    {0xf9ae, 0x7469, 0x0},
    {0xf9af, 0x7f9a, 0x0},
    {0xf9b0, 0x8046, 0x0},
    {0xf9b1, 0x9234, 0x0},
    {0xf9b2, 0x96f6, 0x0},
    {0xf9b3, 0x9748, 0x0},
    {0xf9b4, 0x9818, 0x0},
    {0xf9b5, 0x4f8b, 0x0},
    {0xf9b6, 0x79ae, 0x0},
    {0xf9b7, 0x91b4, 0x0},
    {0xf9b8, 0x96b8, 0x0},
    {0xf9b9, 0x60e1, 0x0},
    {0xf9ba, 0x4e86, 0x0},
    {0xf9bb, 0x50da, 0x0},
    {0xf9bc, 0x5bee, 0x0},
    {0xf9bd, 0x5c3f, 0x0},
    {0xf9be, 0x6599, 0x0},
    {0xf9bf, 0x6a02, 0x0},
    {0xf9c0, 0x71ce, 0x0},
    {0xf9c1, 0x7642, 0x0},
    {0xf9c2, 0x84fc, 0x0},
    {0xf9c3, 0x907c, 0x0},
    {0xf9c4, 0x9f8d, 0x0},
    {0xf9c5, 0x6688, 0x0},
    {0xf9c6, 0x962e, 0x0},
    {0xf9c7, 0x5289, 0x0},
    {0xf9c8, 0x677b, 0x0},
    {0xf9c9, 0x67f3, 0x0},
    {0xf9ca, 0x6d41, 0x0},
    {0xf9cb, 0x6e9c, 0x0},
    {0xf9cc, 0x7409, 0x0},
    {0xf9cd, 0x7559, 0x0},
    {0xf9ce, 0x786b, 0x0},
    {0xf9cf, 0x7d10, 0x0},
    {0xf9d0, 0x985e, 0x0},
    {0xf9d1, 0x516d, 0x0},
    {0xf9d2, 0x622e, 0x0},
    {0xf9d3, 0x9678, 0x0},
    {0xf9d4, 0x502b, 0x0},
    {0xf9d5, 0x5d19, 0x0},
    {0xf9d6, 0x6dea, 0x0},
    {0xf9d7, 0x8f2a, 0x0},
    {0xf9d8, 0x5f8b, 0x0},
    {0xf9d9, 0x6144, 0x0},
    {0xf9da, 0x6817, 0x0},
    {0xf9db, 0x7387, 0x0},
    {0xf9dc, 0x9686, 0x0},
    {0xf9dd, 0x5229, 0x0},
    {0xf9de, 0x540f, 0x0},
    {0xf9df, 0x5c65, 0x0},
    {0xf9e0, 0x6613, 0x0},
    {0xf9e1, 0x674e, 0x0},
    {0xf9e2, 0x68a8, 0x0},
    {0xf9e3, 0x6ce5, 0x0},
    {0xf9e4, 0x7406, 0x0},
    {0xf9e5, 0x75e2, 0x0},
    {0xf9e6, 0x7f79, 0x0},
    {0xf9e7, 0x88cf, 0x0},
    {0xf9e8, 0x88e1, 0x0},
    {0xf9e9, 0x91cc, 0x0},
    {0xf9ea, 0x96e2, 0x0},
    {0xf9eb, 0x533f, 0x0},
    {0xf9ec, 0x6eba, 0x0},
    {0xf9ed, 0x541d, 0x0},
    {0xf9ee, 0x71d0, 0x0},
    {0xf9ef, 0x7498, 0x0},
    {0xf9f0, 0x85fa, 0x0},
    {0xf9f1, 0x96a3, 0x0},
    {0xf9f2, 0x9c57, 0x0},
    {0xf9f3, 0x9e9f, 0x0},
    {0xf9f4, 0x6797, 0x0},
    {0xf9f5, 0x6dcb, 0x0},
    {0xf9f6, 0x81e8, 0x0},
    {0xf9f7, 0x7acb, 0x0},
    {0xf9f8, 0x7b20, 0x0},
    {0xf9f9, 0x7c92, 0x0},
    {0xf9fa, 0x72c0, 0x0},
    {0xf9fb, 0x7099, 0x0},
    {0xf9fc, 0x8b58, 0x0},
    {0xf9fd, 0x4ec0, 0x0},
    {0xf9fe, 0x8336, 0x0},
    {0xf9ff, 0x523a, 0x0},
    {0xfa00, 0x5207, 0x0},
    {0xfa01, 0x5ea6, 0x0},
    {0xfa02, 0x62d3, 0x0},
    {0xfa03, 0x7cd6, 0x0},
    {0xfa04, 0x5b85, 0x0},
    {0xfa05, 0x6d1e, 0x0},
    {0xfa06, 0x66b4, 0x0},
    {0xfa07, 0x8f3b, 0x0},
    {0xfa08, 0x884c, 0x0},
    {0xfa09, 0x964d, 0x0},
    {0xfa0a, 0x898b, 0x0},
    {0xfa0b, 0x5ed3, 0x0},
    {0xfa0c, 0x5140, 0x0},
    {0xfa0d, 0x55c0, 0x0},
    {0xfa10, 0x585a, 0x0},
    {0xfa12, 0x6674, 0x0},
    {0xfa15, 0x51de, 0x0},
    {0xfa16, 0x732a, 0x0},
    {0xfa17, 0x76ca, 0x0},
    {0xfa18, 0x793c, 0x0},
    {0xfa19, 0x795e, 0x0},
    {0xfa1a, 0x7965, 0x0},
    {0xfa1b, 0x798f, 0x0},
    {0xfa1c, 0x9756, 0x0},
    {0xfa1d, 0x7cbe, 0x0},
    {0xfa1e, 0x7fbd, 0x0},
    {0xfa20, 0x8612, 0x0},
    {0xfa22, 0x8af8, 0x0},
    {0xfa25, 0x9038, 0x0},
    {0xfa26, 0x90fd, 0x0},
    {0xfa2a, 0x98ef, 0x0},
    {0xfa2b, 0x98fc, 0x0},
    {0xfa2c, 0x9928, 0x0},
    {0xfa2d, 0x9db4, 0x0},
    {0xfa2e, 0x90de, 0x0},
    {0xfa2f, 0x96b7, 0x0},
    {0xfa30, 0x4fae, 0x0},
    {0xfa31, 0x50e7, 0x0},
    {0xfa32, 0x514d, 0x0},
    {0xfa33, 0x52c9, 0x0},
    {0xfa34, 0x52e4, 0x0},
    {0xfa35, 0x5351, 0x0},
    {0xfa36, 0x559d, 0x0},
    {0xfa37, 0x5606, 0x0},
    {0xfa38, 0x5668, 0x0},
    {0xfa39, 0x5840, 0x0},
    {0xfa3a, 0x58a8, 0x0},
    {0xfa3b, 0x5c64, 0x0},
    {0xfa3c, 0x5c6e, 0x0},
    {0xfa3d, 0x6094, 0x0},
    {0xfa3e, 0x6168, 0x0},
    {0xfa3f, 0x618e, 0x0},
    {0xfa40, 0x61f2, 0x0},
    {0xfa41, 0x654f, 0x0},
    {0xfa42, 0x65e2, 0x0},
    {0xfa43, 0x6691, 0x0},
    {0xfa44, 0x6885, 0x0},
    {0xfa45, 0x6d77, 0x0},
    {0xfa46, 0x6e1a, 0x0},
    {0xfa47, 0x6f22, 0x0},
    {0xfa48, 0x716e, 0x0},
    {0xfa49, 0x722b, 0x0},
    {0xfa4a, 0x7422, 0x0},
    {0xfa4b, 0x7891, 0x0},
    {0xfa4c, 0x793e, 0x0},
    {0xfa4d, 0x7949, 0x0},
    {0xfa4e, 0x7948, 0x0},
    {0xfa4f, 0x7950, 0x0},
    {0xfa50, 0x7956, 0x0},
    {0xfa51, 0x795d, 0x0},
    {0xfa52, 0x798d, 0x0},
    {0xfa53, 0x798e, 0x0},
    {0xfa54, 0x7a40, 0x0},
    {0xfa55, 0x7a81, 0x0},
    {0xfa56, 0x7bc0, 0x0},
    {0xfa57, 0x7df4, 0x0},
    {0xfa58, 0x7e09, 0x0},
    {0xfa59, 0x7e41, 0x0},
    {0xfa5a, 0x7f72, 0x0},
    {0xfa5b, 0x8005, 0x0},
    {0xfa5c, 0x81ed, 0x0},
    {0xfa5d, 0x8279, 0x0},
    {0xfa5e, 0x8279, 0x0},
    {0xfa5f, 0x8457, 0x0},
    {0xfa60, 0x8910, 0x0},
    {0xfa61, 0x8996, 0x0},
    {0xfa62, 0x8b01, 0x0},
    {0xfa63, 0x8b39, 0x0},
    {0xfa64, 0x8cd3, 0x0},
    {0xfa65, 0x8d08, 0x0},
    {0xfa66, 0x8fb6, 0x0},
    {0xfa67, 0x9038, 0x0},
    {0xfa68, 0x96e3, 0x0},
    {0xfa69, 0x97ff, 0x0},
    {0xfa6a, 0x983b, 0x0},
    {0xfa6b, 0x6075, 0x0},
    {0xfa6c, 0x242ee, 0x0},
    {0xfa6d, 0x8218, 0x0},
    {0xfa70, 0x4e26, 0x0},
    {0xfa71, 0x51b5, 0x0},
    {0xfa72, 0x5168, 0x0},
    {0xfa73, 0x4f80, 0x0},
    {0xfa74, 0x5145, 0x0},
    {0xfa75, 0x5180, 0x0},
    {0xfa76, 0x52c7, 0x0},
    {0xfa77, 0x52fa, 0x0},
    {0xfa78, 0x559d, 0x0},
    {0xfa79, 0x5555, 0x0},
    {0xfa7a, 0x5599, 0x0},
    {0xfa7b, 0x55e2, 0x0},
    {0xfa7c, 0x585a, 0x0},
    {0xfa7d, 0x58b3, 0x0},
    {0xfa7e, 0x5944, 0x0},
    {0xfa7f, 0x5954, 0x0},
    {0xfa80, 0x5a62, 0x0},
    {0xfa81, 0x5b28, 0x0},
    {0xfa82, 0x5ed2, 0x0},
    {0xfa83, 0x5ed9, 0x0},
    {0xfa84, 0x5f69, 0x0},
    {0xfa85, 0x5fad, 0x0},
    {0xfa86, 0x60d8, 0x0},
    {0xfa87, 0x614e, 0x0},
    {0xfa88, 0x6108, 0x0},
    {0xfa89, 0x618e, 0x0},
    {0xfa8a, 0x6160, 0x0},
    {0xfa8b, 0x61f2, 0x0},
    {0xfa8c, 0x6234, 0x0},
    {0xfa8d, 0x63c4, 0x0},
    {0xfa8e, 0x641c, 0x0},
    {0xfa8f, 0x6452, 0x0},
    {0xfa90, 0x6556, 0x0},
    {0xfa91, 0x6674, 0x0},
    {0xfa92, 0x6717, 0x0},
    {0xfa93, 0x671b, 0x0},
    {0xfa94, 0x6756, 0x0},
    {0xfa95, 0x6b79, 0x0},
    {0xfa96, 0x6bba, 0x0},
    {0xfa97, 0x6d41, 0x0},
    {0xfa98, 0x6edb, 0x0},
    {0xfa99, 0x6ecb, 0x0},
    {0xfa9a, 0x6f22, 0x0},
    {0xfa9b, 0x701e, 0x0},
    {0xfa9c, 0x716e, 0x0},
    {0xfa9d, 0x77a7, 0x0},
    {0xfa9e, 0x7235, 0x0},
    {0xfa9f, 0x72af, 0x0},
    {0xfaa0, 0x732a, 0x0},
    {0xfaa1, 0x7471, 0x0},
    {0xfaa2, 0x7506, 0x0},
    {0xfaa3, 0x753b, 0x0},
    {0xfaa4, 0x761d, 0x0},
    {0xfaa5, 0x761f, 0x0},
    {0xfaa6, 0x76ca, 0x0},
    {0xfaa7, 0x76db, 0x0},
    {0xfaa8, 0x76f4, 0x0},
    {0xfaa9, 0x774a, 0x0},
    {0xfaaa, 0x7740, 0x0},
    {0xfaab, 0x78cc, 0x0},
    {0xfaac, 0x7ab1, 0x0},
    {0xfaad, 0x7bc0, 0x0},
    {0xfaae, 0x7c7b, 0x0},
    {0xfaaf, 0x7d5b, 0x0},
    {0xfab0, 0x7df4, 0x0},
    {0xfab1, 0x7f3e, 0x0},
    {0xfab2, 0x8005, 0x0},
    {0xfab3, 0x8352, 0x0},
    {0xfab4, 0x83ef, 0x0},
    {0xfab5, 0x8779, 0x0},
    {0xfab6, 0x8941, 0x0},
    {0xfab7, 0x8986, 0x0},
    {0xfab8, 0x8996, 0x0},
    {0xfab9, 0x8abf, 0x0},
    {0xfaba, 0x8af8, 0x0},
    {0xfabb, 0x8acb, 0x0},
    {0xfabc, 0x8b01, 0x0},
    {0xfabd, 0x8afe, 0x0},
    {0xfabe, 0x8aed, 0x0},
    {0xfabf, 0x8b39, 0x0},
    {0xfac0, 0x8b8a, 0x0},
    {0xfac1, 0x8d08, 0x0},
    {0xfac2, 0x8f38, 0x0},
    {0xfac3, 0x9072, 0x0},
    {0xfac4, 0x9199, 0x0},
    {0xfac5, 0x9276, 0x0},
    {0xfac6, 0x967c, 0x0},
    {0xfac7, 0x96e3, 0x0},
    {0xfac8, 0x9756, 0x0},
    {0xfac9, 0x97db, 0x0},
    {0xfaca, 0x97ff, 0x0},
    {0xfacb, 0x980b, 0x0},
    {0xfacc, 0x983b, 0x0},
    {0xfacd, 0x9b12, 0x0},
    {0xface, 0x9f9c, 0x0},
    {0xfacf, 0x2284a, 0x0},
    {0xfad0, 0x22844, 0x0},
    {0xfad1, 0x233d5, 0x0},
    {0xfad2, 0x3b9d, 0x0},
    {0xfad3, 0x4018, 0x0},
    {0xfad4, 0x4039, 0x0},
    {0xfad5, 0x25249, 0x0},
    {0xfad6, 0x25cd0, 0x0},
    {0xfad7, 0x27ed3, 0x0},
    {0xfad8, 0x9f43, 0x0},
    {0xfad9, 0x9f8e, 0x0},
    {0xfb1d, 0x5d9, 0x5b4},
    {0xfb1f, 0x5f2, 0x5b7},
    {0xfb2a, 0x5e9, 0x5c1},
    {0xfb2b, 0x5e9, 0x5c2},
    {0xfb2c, 0xfb49, 0x5c1},
    {0xfb2d, 0xfb49, 0x5c2},
    {0xfb2e, 0x5d0, 0x5b7},
    {0xfb2f, 0x5d0, 0x5b8},
    {0xfb30, 0x5d0, 0x5bc},
    {0xfb31, 0x5d1, 0x5bc},
    {0xfb32, 0x5d2, 0x5bc},
    {0xfb33, 0x5d3, 0x5bc},
    {0xfb34, 0x5d4, 0x5bc},
    {0xfb35, 0x5d5, 0x5bc},
    {0xfb36, 0x5d6, 0x5bc},
    {0xfb38, 0x5d8, 0x5bc},
    {0xfb39, 0x5d9, 0x5bc},
    {0xfb3a, 0x5da, 0x5bc},
    {0xfb3b, 0x5db, 0x5bc},
    {0xfb3c, 0x5dc, 0x5bc},
    {0xfb3e, 0x5de, 0x5bc},
    {0xfb40, 0x5e0, 0x5bc},
    {0xfb41, 0x5e1, 0x5bc},
    {0xfb43, 0x5e3, 0x5bc},
    {0xfb44, 0x5e4, 0x5bc},
    {0xfb46, 0x5e6, 0x5bc},
    {0xfb47, 0x5e7, 0x5bc},
    {0xfb48, 0x5e8, 0x5bc},
    {0xfb49, 0x5e9, 0x5bc},
    {0xfb4a, 0x5ea, 0x5bc},
    {0xfb4b, 0x5d5, 0x5b9},
    {0xfb4c, 0x5d1, 0x5bf},
    {0xfb4d, 0x5db, 0x5bf},
    {0xfb4e, 0x5e4, 0x5bf},
    {0x1109a, 0x11099, 0x110ba},
    {0x1109c, 0x1109b, 0x110ba},
    {0x110ab, 0x110a5, 0x110ba},
    {0x1112e, 0x11131, 0x11127},
    {0x1112f, 0x11132, 0x11127},
    {0x1134b, 0x11347, 0x1133e},
    {0x1134c, 0x11347, 0x11357},
    {0x114bb, 0x114b9, 0x114ba},
    {0x114bc, 0x114b9, 0x114b0},
    {0x114be, 0x114b9, 0x114bd},
    {0x115ba, 0x115b8, 0x115af},
    {0x115bb, 0x115b9, 0x115af},
    {0x1d15e, 0x1d157, 0x1d165},
    {0x1d15f, 0x1d158, 0x1d165},
    {0x1d160, 0x1d15f, 0x1d16e},
    {0x1d161, 0x1d15f, 0x1d16f},
    {0x1d162, 0x1d15f, 0x1d170},
    {0x1d163, 0x1d15f, 0x1d171},
    {0x1d164, 0x1d15f, 0x1d172},
    {0x1d1bb, 0x1d1b9, 0x1d165},
    {0x1d1bc, 0x1d1ba, 0x1d165},
    {0x1d1bd, 0x1d1bb, 0x1d16e},
    {0x1d1be, 0x1d1bc, 0x1d16e},
    {0x1d1bf, 0x1d1bb, 0x1d16f},
    {0x1d1c0, 0x1d1bc, 0x1d16f},
    {0x2f800, 0x4e3d, 0x0},
    {0x2f801, 0x4e38, 0x0},
    {0x2f802, 0x4e41, 0x0},
    {0x2f803, 0x20122, 0x0},
    {0x2f804, 0x4f60, 0x0},
    {0x2f805, 0x4fae, 0x0},
    {0x2f806, 0x4fbb, 0x0},
    {0x2f807, 0x5002, 0x0},
    {0x2f808, 0x507a, 0x0},
    {0x2f809, 0x5099, 0x0},
    {0x2f80a, 0x50e7, 0x0},
    {0x2f80b, 0x50cf, 0x0},
    {0x2f80c, 0x349e, 0x0},
    {0x2f80d, 0x2063a, 0x0},
    {0x2f80e, 0x514d, 0x0},
    {0x2f80f, 0x5154, 0x0},
    {0x2f810, 0x5164, 0x0},
    {0x2f811, 0x5177, 0x0},
    {0x2f812, 0x2051c, 0x0},
    {0x2f813, 0x34b9, 0x0},
    {0x2f814, 0x5167, 0x0},
    {0x2f815, 0x518d, 0x0},
    {0x2f816, 0x2054b, 0x0},
    {0x2f817, 0x5197, 0x0},
    {0x2f818, 0x51a4, 0x0},
    {0x2f819, 0x4ecc, 0x0},
    {0x2f81a, 0x51ac, 0x0},
    {0x2f81b, 0x51b5, 0x0},
    {0x2f81c, 0x291df, 0x0},
    {0x2f81d, 0x51f5, 0x0},
    {0x2f81e, 0x5203, 0x0},
    {0x2f81f, 0x34df, 0x0},
    {0x2f820, 0x523b, 0x0},
    {0x2f821, 0x5246, 0x0},
    {0x2f822, 0x5272, 0x0},
    {0x2f823, 0x5277, 0x0},
    {0x2f824, 0x3515, 0x0},
    {0x2f825, 0x52c7, 0x0},
    {0x2f826, 0x52c9, 0x0},
    {0x2f827, 0x52e4, 0x0},
    {0x2f828, 0x52fa, 0x0},
    {0x2f829, 0x5305, 0x0},
    {0x2f82a, 0x5306, 0x0},
    {0x2f82b, 0x5317, 0x0},
    {0x2f82c, 0x5349, 0x0},
    {0x2f82d, 0x5351, 0x0},
    {0x2f82e, 0x535a, 0x0},
    {0x2f82f, 0x5373, 0x0},
    {0x2f830, 0x537d, 0x0},
    {0x2f831, 0x537f, 0x0},
    {0x2f832, 0x537f, 0x0},
    {0x2f833, 0x537f, 0x0},
    {0x2f834, 0x20a2c, 0x0},
    {0x2f835, 0x7070, 0x0},
    {0x2f836, 0x53ca, 0x0},
    {0x2f837, 0x53df, 0x0},
    {0x2f838, 0x20b63, 0x0},
    {0x2f839, 0x53eb, 0x0},
    {0x2f83a, 0x53f1, 0x0},
    {0x2f83b, 0x5406, 0x0},
    {0x2f83c, 0x549e, 0x0},
    {0x2f83d, 0x5438, 0x0},
    {0x2f83e, 0x5448, 0x0},
    {0x2f83f, 0x5468, 0x0},
    {0x2f840, 0x54a2, 0x0},
    {0x2f841, 0x54f6, 0x0},
    {0x2f842, 0x5510, 0x0},
    {0x2f843, 0x5553, 0x0},
    {0x2f844, 0x5563, 0x0},
    {0x2f845, 0x5584, 0x0},
    {0x2f846, 0x5584, 0x0},
    {0x2f847, 0x5599, 0x0},
    {0x2f848, 0x55ab, 0x0},
    {0x2f849, 0x55b3, 0x0},
    {0x2f84a, 0x55c2, 0x0},
    {0x2f84b, 0x5716, 0x0},
    {0x2f84c, 0x5606, 0x0},
    {0x2f84d, 0x5717, 0x0},
    {0x2f84e, 0x5651, 0x0},
    {0x2f84f, 0x5674, 0x0},
    {0x2f850, 0x5207, 0x0},
    {0x2f851, 0x58ee, 0x0},
    {0x2f852, 0x57ce, 0x0},
    {0x2f853, 0x57f4, 0x0},
    {0x2f854, 0x580d, 0x0},
    {0x2f855, 0x578b, 0x0},
    {0x2f856, 0x5832, 0x0},
    {0x2f857, 0x5831, 0x0},
    {0x2f858, 0x58ac, 0x0},
    {0x2f859, 0x214e4, 0x0},
    {0x2f85a, 0x58f2, 0x0},
    {0x2f85b, 0x58f7, 0x0},
    {0x2f85c, 0x5906, 0x0},
    {0x2f85d, 0x591a, 0x0},
    {0x2f85e, 0x5922, 0x0},
    {0x2f85f, 0x5962, 0x0},
    {0x2f860, 0x216a8, 0x0},
    {0x2f861, 0x216ea, 0x0},
    {0x2f862, 0x59ec, 0x0},
    {0x2f863, 0x5a1b, 0x0},
    {0x2f864, 0x5a27, 0x0},
    {0x2f865, 0x59d8, 0x0},
    {0x2f866, 0x5a66, 0x0},
    {0x2f867, 0x36ee, 0x0},
    {0x2f868, 0x36fc, 0x0},
    {0x2f869, 0x5b08, 0x0},
    {0x2f86a, 0x5b3e, 0x0},
    {0x2f86b, 0x5b3e, 0x0},
    {0x2f86c, 0x219c8, 0x0},
    {0x2f86d, 0x5bc3, 0x0},
    {0x2f86e, 0x5bd8, 0x0},
    {0x2f86f, 0x5be7, 0x0},
    {0x2f870, 0x5bf3, 0x0},
    {0x2f871, 0x21b18, 0x0},
    {0x2f872, 0x5bff, 0x0},
    {0x2f873, 0x5c06, 0x0},
    {0x2f874, 0x5f53, 0x0},
    {0x2f875, 0x5c22, 0x0},
    {0x2f876, 0x3781, 0x0},
    {0x2f877, 0x5c60, 0x0},
    {0x2f878, 0x5c6e, 0x0},
    {0x2f879, 0x5cc0, 0x0},
    {0x2f87a, 0x5c8d, 0x0},
    {0x2f87b, 0x21de4, 0x0},
    {0x2f87c, 0x5d43, 0x0},
    {0x2f87d, 0x21de6, 0x0},
    {0x2f87e, 0x5d6e, 0x0},
    {0x2f87f, 0x5d6b, 0x0},
    {0x2f880, 0x5d7c, 0x0},
    {0x2f881, 0x5de1, 0x0},
    {0x2f882, 0x5de2, 0x0},
    {0x2f883, 0x382f, 0x0},
    {0x2f884, 0x5dfd, 0x0},
    {0x2f885, 0x5e28, 0x0},
    {0x2f886, 0x5e3d, 0x0},
    {0x2f887, 0x5e69, 0x0},
    {0x2f888, 0x3862, 0x0},
    {0x2f889, 0x22183, 0x0},
    {0x2f88a, 0x387c, 0x0},
    {0x2f88b, 0x5eb0, 0x0},
    {0x2f88c, 0x5eb3, 0x0},
    {0x2f88d, 0x5eb6, 0x0},
    {0x2f88e, 0x5eca, 0x0},
    {0x2f88f, 0x2a392, 0x0},
    {0x2f890, 0x5efe, 0x0},
    {0x2f891, 0x22331, 0x0},
    {0x2f892, 0x22331, 0x0},
    {0x2f893, 0x8201, 0x0},
    {0x2f894, 0x5f22, 0x0},
    {0x2f895, 0x5f22, 0x0},
    {0x2f896, 0x38c7, 0x0},
    {0x2f897, 0x232b8, 0x0},
    {0x2f898, 0x261da, 0x0},
    {0x2f899, 0x5f62, 0x0},
    {0x2f89a, 0x5f6b, 0x0},
    {0x2f89b, 0x38e3, 0x0},
    {0x2f89c, 0x5f9a, 0x0},
    {0x2f89d, 0x5fcd, 0x0},
    {0x2f89e, 0x5fd7, 0x0},
    {0x2f89f, 0x5ff9, 0x0},
    {0x2f8a0, 0x6081, 0x0},
    {0x2f8a1, 0x393a, 0x0},
    {0x2f8a2, 0x391c, 0x0},
    {0x2f8a3, 0x6094, 0x0},
    {0x2f8a4, 0x226d4, 0x0},
    {0x2f8a5, 0x60c7, 0x0},
    {0x2f8a6, 0x6148, 0x0},
    {0x2f8a7, 0x614c, 0x0},
    {0x2f8a8, 0x614e, 0x0},
    {0x2f8a9, 0x614c, 0x0},
    {0x2f8aa, 0x617a, 0x0},
    {0x2f8ab, 0x618e, 0x0},
    {0x2f8ac, 0x61b2, 0x0},
    {0x2f8ad, 0x61a4, 0x0},
    {0x2f8ae, 0x61af, 0x0},
    {0x2f8af, 0x61de, 0x0},
    {0x2f8b0, 0x61f2, 0x0},
    {0x2f8b1, 0x61f6, 0x0},
    {0x2f8b2, 0x6210, 0x0},
    {0x2f8b3, 0x621b, 0x0},
    {0x2f8b4, 0x625d, 0x0},
    {0x2f8b5, 0x62b1, 0x0},
    {0x2f8b6, 0x62d4, 0x0},
    {0x2f8b7, 0x6350, 0x0},
    {0x2f8b8, 0x22b0c, 0x0},
    {0x2f8b9, 0x633d, 0x0},
    {0x2f8ba, 0x62fc, 0x0},
    {0x2f8bb, 0x6368, 0x0},
    {0x2f8bc, 0x6383, 0x0},
    {0x2f8bd, 0x63e4, 0x0},
    {0x2f8be, 0x22bf1, 0x0},
    {0x2f8bf, 0x6422, 0x0},
    {0x2f8c0, 0x63c5, 0x0},
    {0x2f8c1, 0x63a9, 0x0},
    {0x2f8c2, 0x3a2e, 0x0},
    {0x2f8c3, 0x6469, 0x0},
    {0x2f8c4, 0x647e, 0x0},
    {0x2f8c5, 0x649d, 0x0},
    {0x2f8c6, 0x6477, 0x0},
    {0x2f8c7, 0x3a6c, 0x0},
    {0x2f8c8, 0x654f, 0x0},
    {0x2f8c9, 0x656c, 0x0},
    {0x2f8ca, 0x2300a, 0x0},
    {0x2f8cb, 0x65e3, 0x0},
    {0x2f8cc, 0x66f8, 0x0},
    {0x2f8cd, 0x6649, 0x0},
    {0x2f8ce, 0x3b19, 0x0},
    {0x2f8cf, 0x6691, 0x0},
    {0x2f8d0, 0x3b08, 0x0},
    {0x2f8d1, 0x3ae4, 0x0},
    {0x2f8d2, 0x5192, 0x0},
    {0x2f8d3, 0x5195, 0x0},
    {0x2f8d4, 0x6700, 0x0},
    {0x2f8d5, 0x669c, 0x0},
    {0x2f8d6, 0x80ad, 0x0},
    {0x2f8d7, 0x43d9, 0x0},
    {0x2f8d8, 0x6717, 0x0},
    {0x2f8d9, 0x671b, 0x0},
    {0x2f8da, 0x6721, 0x0},
    {0x2f8db, 0x675e, 0x0},
    {0x2f8dc, 0x6753, 0x0},
    {0x2f8dd, 0x233c3, 0x0},
    {0x2f8de, 0x3b49, 0x0},
    {0x2f8df, 0x67fa, 0x0},
    {0x2f8e0, 0x6785, 0x0},
    {0x2f8e1, 0x6852, 0x0},
    {0x2f8e2, 0x6885, 0x0},
    {0x2f8e3, 0x2346d, 0x0},
    {0x2f8e4, 0x688e, 0x0},
    {0x2f8e5, 0x681f, 0x0},
    {0x2f8e6, 0x6914, 0x0},
    {0x2f8e7, 0x3b9d, 0x0},
    {0x2f8e8, 0x6942, 0x0},
    {0x2f8e9, 0x69a3, 0x0},
    {0x2f8ea, 0x69ea, 0x0},
    {0x2f8eb, 0x6aa8, 0x0},
    {0x2f8ec, 0x236a3, 0x0},
    {0x2f8ed, 0x6adb, 0x0},
    {0x2f8ee, 0x3c18, 0x0},
    {0x2f8ef, 0x6b21, 0x0},
    {0x2f8f0, 0x238a7, 0x0},
    {0x2f8f1, 0x6b54, 0x0},
    {0x2f8f2, 0x3c4e, 0x0},
    {0x2f8f3, 0x6b72, 0x0},
    {0x2f8f4, 0x6b9f, 0x0},
    {0x2f8f5, 0x6bba, 0x0},
    {0x2f8f6, 0x6bbb, 0x0},
    {0x2f8f7, 0x23a8d, 0x0},
    {0x2f8f8, 0x21d0b, 0x0},
    {0x2f8f9, 0x23afa, 0x0},
    {0x2f8fa, 0x6c4e, 0x0},
    {0x2f8fb, 0x23cbc, 0x0},
    {0x2f8fc, 0x6cbf, 0x0},
    {0x2f8fd, 0x6ccd, 0x0},
    {0x2f8fe, 0x6c67, 0x0},
    {0x2f8ff, 0x6d16, 0x0},
    {0x2f900, 0x6d3e, 0x0},
    {0x2f901, 0x6d77, 0x0},
    {0x2f902, 0x6d41, 0x0},
    {0x2f903, 0x6d69, 0x0},
    {0x2f904, 0x6d78, 0x0},
    {0x2f905, 0x6d85, 0x0},
    {0x2f906, 0x23d1e, 0x0},
    {0x2f907, 0x6d34, 0x0},
    {0x2f908, 0x6e2f, 0x0},
    {0x2f909, 0x6e6e, 0x0},
    {0x2f90a, 0x3d33, 0x0},
    {0x2f90b, 0x6ecb, 0x0},
    {0x2f90c, 0x6ec7, 0x0},
    {0x2f90d, 0x23ed1, 0x0},
    {0x2f90e, 0x6df9, 0x0},
    {0x2f90f, 0x6f6e, 0x0},
    {0x2f910, 0x23f5e, 0x0},
    {0x2f911, 0x23f8e, 0x0},
    {0x2f912, 0x6fc6, 0x0},
    {0x2f913, 0x7039, 0x0},
    {0x2f914, 0x701e, 0x0},
    {0x2f915, 0x701b, 0x0},
    {0x2f916, 0x3d96, 0x0},
    {0x2f917, 0x704a, 0x0},
    {0x2f918, 0x707d, 0x0},
    {0x2f919, 0x7077, 0x0},
    {0x2f91a, 0x70ad, 0x0},
    {0x2f91b, 0x20525, 0x0},
    {0x2f91c, 0x7145, 0x0},
    {0x2f91d, 0x24263, 0x0},
    {0x2f91e, 0x719c, 0x0},
    {0x2f91f, 0x243ab, 0x0},
    {0x2f920, 0x7228, 0x0},
    {0x2f921, 0x7235, 0x0},
    {0x2f922, 0x7250, 0x0},
    {0x2f923, 0x24608, 0x0},
    {0x2f924, 0x7280, 0x0},
    {0x2f925, 0x7295, 0x0},
    {0x2f926, 0x24735, 0x0},
    {0x2f927, 0x24814, 0x0},
    {0x2f928, 0x737a, 0x0},
    {0x2f929, 0x738b, 0x0},
    {0x2f92a, 0x3eac, 0x0},
    {0x2f92b, 0x73a5, 0x0},
    {0x2f92c, 0x3eb8, 0x0},
    {0x2f92d, 0x3eb8, 0x0},
    {0x2f92e, 0x7447, 0x0},
    {0x2f92f, 0x745c, 0x0},
    {0x2f930, 0x7471, 0x0},
    {0x2f931, 0x7485, 0x0},
    {0x2f932, 0x74ca, 0x0},
    {0x2f933, 0x3f1b, 0x0},
    {0x2f934, 0x7524, 0x0},
    {0x2f935, 0x24c36, 0x0},
    {0x2f936, 0x753e, 0x0},
    {0x2f937, 0x24c92, 0x0},
    {0x2f938, 0x7570, 0x0},
    {0x2f939, 0x2219f, 0x0},
    {0x2f93a, 0x7610, 0x0},
    {0x2f93b, 0x24fa1, 0x0},
    {0x2f93c, 0x24fb8, 0x0},
    {0x2f93d, 0x25044, 0x0},
    {0x2f93e, 0x3ffc, 0x0},
    {0x2f93f, 0x4008, 0x0},
    {0x2f940, 0x76f4, 0x0},
    {0x2f941, 0x250f3, 0x0},
    {0x2f942, 0x250f2, 0x0},
    {0x2f943, 0x25119, 0x0},
    {0x2f944, 0x25133, 0x0},
    {0x2f945, 0x771e, 0x0},
    {0x2f946, 0x771f, 0x0},
    {0x2f947, 0x771f, 0x0},
    {0x2f948, 0x774a, 0x0},
    {0x2f949, 0x4039, 0x0},
    {0x2f94a, 0x778b, 0x0},
    {0x2f94b, 0x4046, 0x0},
    {0x2f94c, 0x4096, 0x0},
    {0x2f94d, 0x2541d, 0x0},
    {0x2f94e, 0x784e, 0x0},
    {0x2f94f, 0x788c, 0x0},
    {0x2f950, 0x78cc, 0x0},
    {0x2f951, 0x40e3, 0x0},
    {0x2f952, 0x25626, 0x0},
    {0x2f953, 0x7956, 0x0},
    {0x2f954, 0x2569a, 0x0},
    {0x2f955, 0x256c5, 0x0},
    {0x2f956, 0x798f, 0x0},
    {0x2f957, 0x79eb, 0x0},
    {0x2f958, 0x412f, 0x0},
    {0x2f959, 0x7a40, 0x0},
    {0x2f95a, 0x7a4a, 0x0},
    {0x2f95b, 0x7a4f, 0x0},
    {0x2f95c, 0x2597c, 0x0},
    {0x2f95d, 0x25aa7, 0x0},
    {0x2f95e, 0x25aa7, 0x0},
    {0x2f95f, 0x7aee, 0x0},
    {0x2f960, 0x4202, 0x0},
    {0x2f961, 0x25bab, 0x0},
    {0x2f962, 0x7bc6, 0x0},
    {0x2f963, 0x7bc9, 0x0},
    {0x2f964, 0x4227, 0x0},
    {0x2f965, 0x25c80, 0x0},
    {0x2f966, 0x7cd2, 0x0},
    {0x2f967, 0x42a0, 0x0},
    {0x2f968, 0x7ce8, 0x0},
    {0x2f969, 0x7ce3, 0x0},
    {0x2f96a, 0x7d00, 0x0},
    {0x2f96b, 0x25f86, 0x0},
    {0x2f96c, 0x7d63, 0x0},
    {0x2f96d, 0x4301, 0x0},
    {0x2f96e, 0x7dc7, 0x0},
    {0x2f96f, 0x7e02, 0x0},
    {0x2f970, 0x7e45, 0x0},
    {0x2f971, 0x4334, 0x0},
    {0x2f972, 0x26228, 0x0},
    {0x2f973, 0x26247, 0x0},
    {0x2f974, 0x4359, 0x0},
    {0x2f975, 0x262d9, 0x0},
    {0x2f976, 0x7f7a, 0x0},
    {0x2f977, 0x2633e, 0x0},
    {0x2f978, 0x7f95, 0x0},
    {0x2f979, 0x7ffa, 0x0},
    {0x2f97a, 0x8005, 0x0},
    {0x2f97b, 0x264da, 0x0},
    {0x2f97c, 0x26523, 0x0},
    {0x2f97d, 0x8060, 0x0},
    {0x2f97e, 0x265a8, 0x0},
    {0x2f97f, 0x8070, 0x0},
    {0x2f980, 0x2335f, 0x0},
    {0x2f981, 0x43d5, 0x0},
    {0x2f982, 0x80b2, 0x0},
    {0x2f983, 0x8103, 0x0},
    {0x2f984, 0x440b, 0x0},
    {0x2f985, 0x813e, 0x0},
    {0x2f986, 0x5ab5, 0x0},
    {0x2f987, 0x267a7, 0x0},
    {0x2f988, 0x267b5, 0x0},
    {0x2f989, 0x23393, 0x0},
    {0x2f98a, 0x2339c, 0x0},
    {0x2f98b, 0x8201, 0x0},
    {0x2f98c, 0x8204, 0x0},
    {0x2f98d, 0x8f9e, 0x0},
    {0x2f98e, 0x446b, 0x0},
    {0x2f98f, 0x8291, 0x0},
    {0x2f990, 0x828b, 0x0},
    {0x2f991, 0x829d, 0x0},
    {0x2f992, 0x52b3, 0x0},
    {0x2f993, 0x82b1, 0x0},
    {0x2f994, 0x82b3, 0x0},
    {0x2f995, 0x82bd, 0x0},
    {0x2f996, 0x82e6, 0x0},
    {0x2f997, 0x26b3c, 0x0},
    {0x2f998, 0x82e5, 0x0},
    {0x2f999, 0x831d, 0x0},
    {0x2f99a, 0x8363, 0x0},
    {0x2f99b, 0x83ad, 0x0},
    {0x2f99c, 0x8323, 0x0},
    {0x2f99d, 0x83bd, 0x0},
    {0x2f99e, 0x83e7, 0x0},
    {0x2f99f, 0x8457, 0x0},
    {0x2f9a0, 0x8353, 0x0},
    {0x2f9a1, 0x83ca, 0x0},
    {0x2f9a2, 0x83cc, 0x0},
    {0x2f9a3, 0x83dc, 0x0},
    {0x2f9a4, 0x26c36, 0x0},
    {0x2f9a5, 0x26d6b, 0x0},
    {0x2f9a6, 0x26cd5, 0x0},
    {0x2f9a7, 0x452b, 0x0},
    {0x2f9a8, 0x84f1, 0x0},
    {0x2f9a9, 0x84f3, 0x0},
    {0x2f9aa, 0x8516, 0x0},
    {0x2f9ab, 0x273ca, 0x0},
    {0x2f9ac, 0x8564, 0x0},
    {0x2f9ad, 0x26f2c, 0x0},
    {0x2f9ae, 0x455d, 0x0},
    {0x2f9af, 0x4561, 0x0},
    {0x2f9b0, 0x26fb1, 0x0},
    {0x2f9b1, 0x270d2, 0x0},
    {0x2f9b2, 0x456b, 0x0},
    {0x2f9b3, 0x8650, 0x0},
    {0x2f9b4, 0x865c, 0x0},
    {0x2f9b5, 0x8667, 0x0},
    {0x2f9b6, 0x8669, 0x0},
    {0x2f9b7, 0x86a9, 0x0},
    {0x2f9b8, 0x8688, 0x0},
    {0x2f9b9, 0x870e, 0x0},
    {0x2f9ba, 0x86e2, 0x0},
    {0x2f9bb, 0x8779, 0x0},
    {0x2f9bc, 0x8728, 0x0},
    {0x2f9bd, 0x876b, 0x0},
    {0x2f9be, 0x8786, 0x0},
    {0x2f9bf, 0x45d7, 0x0},
    {0x2f9c0, 0x87e1, 0x0},
    {0x2f9c1, 0x8801, 0x0},
    {0x2f9c2, 0x45f9, 0x0},
    {0x2f9c3, 0x8860, 0x0},
    {0x2f9c4, 0x8863, 0x0},
    {0x2f9c5, 0x27667, 0x0},
    {0x2f9c6, 0x88d7, 0x0},
    {0x2f9c7, 0x88de, 0x0},
    {0x2f9c8, 0x4635, 0x0},
    {0x2f9c9, 0x88fa, 0x0},
    {0x2f9ca, 0x34bb, 0x0},
    {0x2f9cb, 0x278ae, 0x0},
    {0x2f9cc, 0x27966, 0x0},
    {0x2f9cd, 0x46be, 0x0},
    {0x2f9ce, 0x46c7, 0x0},
    {0x2f9cf, 0x8aa0, 0x0},
    {0x2f9d0, 0x8aed, 0x0},
    {0x2f9d1, 0x8b8a, 0x0},
    {0x2f9d2, 0x8c55, 0x0},
    {0x2f9d3, 0x27ca8, 0x0},
    {0x2f9d4, 0x8cab, 0x0},
    {0x2f9d5, 0x8cc1, 0x0},
    {0x2f9d6, 0x8d1b, 0x0},
    {0x2f9d7, 0x8d77, 0x0},
    {0x2f9d8, 0x27f2f, 0x0},
    {0x2f9d9, 0x20804, 0x0},
    {0x2f9da, 0x8dcb, 0x0},
    {0x2f9db, 0x8dbc, 0x0},
    {0x2f9dc, 0x8df0, 0x0},
    {0x2f9dd, 0x208de, 0x0},
    {0x2f9de, 0x8ed4, 0x0},
    {0x2f9df, 0x8f38, 0x0},
    {0x2f9e0, 0x285d2, 0x0},
    {0x2f9e1, 0x285ed, 0x0},
    {0x2f9e2, 0x9094, 0x0},
    {0x2f9e3, 0x90f1, 0x0},
    {0x2f9e4, 0x9111, 0x0},
    {0x2f9e5, 0x2872e, 0x0},
    {0x2f9e6, 0x911b, 0x0},
    {0x2f9e7, 0x9238, 0x0},
    {0x2f9e8, 0x92d7, 0x0},
    {0x2f9e9, 0x92d8, 0x0},
    {0x2f9ea, 0x927c, 0x0},
    {0x2f9eb, 0x93f9, 0x0},
    {0x2f9ec, 0x9415, 0x0},
    {0x2f9ed, 0x28bfa, 0x0},
    {0x2f9ee, 0x958b, 0x0},
    {0x2f9ef, 0x4995, 0x0},
    {0x2f9f0, 0x95b7, 0x0},
    {0x2f9f1, 0x28d77, 0x0},
    {0x2f9f2, 0x49e6, 0x0},
    {0x2f9f3, 0x96c3, 0x0},
    {0x2f9f4, 0x5db2, 0x0},
    {0x2f9f5, 0x9723, 0x0},
    {0x2f9f6, 0x29145, 0x0},
    {0x2f9f7, 0x2921a, 0x0},
    {0x2f9f8, 0x4a6e, 0x0},
    {0x2f9f9, 0x4a76, 0x0},
    {0x2f9fa, 0x97e0, 0x0},
    {0x2f9fb, 0x2940a, 0x0},
    {0x2f9fc, 0x4ab2, 0x0},
    {0x2f9fd, 0x29496, 0x0},
    {0x2f9fe, 0x980b, 0x0},
    {0x2f9ff, 0x980b, 0x0},
    {0x2fa00, 0x9829, 0x0},
    {0x2fa01, 0x295b6, 0x0},
    {0x2fa02, 0x98e2, 0x0},
    {0x2fa03, 0x4b33, 0x0},
    {0x2fa04, 0x9929, 0x0},
    {0x2fa05, 0x99a7, 0x0},
    {0x2fa06, 0x99c2, 0x0},
    {0x2fa07, 0x99fe, 0x0},
    {0x2fa08, 0x4bce, 0x0},
    {0x2fa09, 0x29b30, 0x0},
    {0x2fa0a, 0x9b12, 0x0},
    {0x2fa0b, 0x9c40, 0x0},
    {0x2fa0c, 0x9cfd, 0x0},
    {0x2fa0d, 0x4cce, 0x0},
    {0x2fa0e, 0x4ced, 0x0},
    {0x2fa0f, 0x9d67, 0x0},
    {0x2fa10, 0x2a0ce, 0x0},
    {0x2fa11, 0x4cf8, 0x0},
    {0x2fa12, 0x2a105, 0x0},
    {0x2fa13, 0x2a20e, 0x0},
    {0x2fa14, 0x2a291, 0x0},
    {0x2fa15, 0x9ebb, 0x0},
    {0x2fa16, 0x4d56, 0x0},
    {0x2fa17, 0x9ef9, 0x0},
    {0x2fa18, 0x9efe, 0x0},
    {0x2fa19, 0x9f05, 0x0},
    {0x2fa1a, 0x9f0f, 0x0},
    {0x2fa1b, 0x9f16, 0x0},
    {0x2fa1c, 0x9f3b, 0x0},
    {0x2fa1d, 0x2a600, 0x0},
};

static const UnicodeComposition unicode_compositions[] = {
    {0x7800338ULL, 0x226e},
    {0x7a00338ULL, 0x2260},
    {0x7c00338ULL, 0x226f},
    {0x8200300ULL, 0xc0},
    {0x8200301ULL, 0xc1},
    {0x8200302ULL, 0xc2},
    {0x8200303ULL, 0xc3},
    {0x8200304ULL, 0x100},
    {0x8200306ULL, 0x102},
    {0x8200307ULL, 0x226},
    {0x8200308ULL, 0xc4},
    {0x8200309ULL, 0x1ea2},
    {0x820030aULL, 0xc5},
    {0x820030cULL, 0x1cd},
    {0x820030fULL, 0x200},
    {0x8200311ULL, 0x202},
    {0x8200323ULL, 0x1ea0},
    {0x8200325ULL, 0x1e00},
    {0x8200328ULL, 0x104},
    {0x8400307ULL, 0x1e02},
    {0x8400323ULL, 0x1e04},
    {0x8400331ULL, 0x1e06},
    {0x8600301ULL, 0x106},
    {0x8600302ULL, 0x108},
    {0x8600307ULL, 0x10a},
    {0x860030cULL, 0x10c},
    {0x8600327ULL, 0xc7},
    {0x8800307ULL, 0x1e0a},
    {0x880030cULL, 0x10e},
    {0x8800323ULL, 0x1e0c},
    {0x8800327ULL, 0x1e10},
    {0x880032dULL, 0x1e12},
    {0x8800331ULL, 0x1e0e},
    {0x8a00300ULL, 0xc8},
    {0x8a00301ULL, 0xc9},
    {0x8a00302ULL, 0xca},
    {0x8a00303ULL, 0x1ebc},
    {0x8a00304ULL, 0x112},
    {0x8a00306ULL, 0x114},
    {0x8a00307ULL, 0x116},
    {0x8a00308ULL, 0xcb},
    {0x8a00309ULL, 0x1eba},
    {0x8a0030cULL, 0x11a},
    {0x8a0030fULL, 0x204},
    {0x8a00311ULL, 0x206},
    {0x8a00323ULL, 0x1eb8},
    {0x8a00327ULL, 0x228},
    {0x8a00328ULL, 0x118},
    {0x8a0032dULL, 0x1e18},
    {0x8a00330ULL, 0x1e1a},
    {0x8c00307ULL, 0x1e1e},
    {0x8e00301ULL, 0x1f4},
    {0x8e00302ULL, 0x11c},
    {0x8e00304ULL, 0x1e20},
    {0x8e00306ULL, 0x11e},
    {0x8e00307ULL, 0x120},
    {0x8e0030cULL, 0x1e6},
    {0x8e00327ULL, 0x122},
    {0x9000302ULL, 0x124},
    {0x9000307ULL, 0x1e22},
    {0x9000308ULL, 0x1e26},
    {0x900030cULL, 0x21e},
    {0x9000323ULL, 0x1e24},
    {0x9000327ULL, 0x1e28},
    {0x900032eULL, 0x1e2a},
    {0x9200300ULL, 0xcc},
    {0x9200301ULL, 0xcd},
    {0x9200302ULL, 0xce},
    {0x9200303ULL, 0x128},
    {0x9200304ULL, 0x12a},
    {0x9200306ULL, 0x12c},
    {0x9200307ULL, 0x130},
    {0x9200308ULL, 0xcf},
    {0x9200309ULL, 0x1ec8},
    {0x920030cULL, 0x1cf},
    {0x920030fULL, 0x208},
    {0x9200311ULL, 0x20a},
    {0x9200323ULL, 0x1eca},
    {0x9200328ULL, 0x12e},
    {0x9200330ULL, 0x1e2c},
    {0x9400302ULL, 0x134},
    {0x9600301ULL, 0x1e30},
    {0x960030cULL, 0x1e8},
    {0x9600323ULL, 0x1e32},
    {0x9600327ULL, 0x136},
    {0x9600331ULL, 0x1e34},
    {0x9800301ULL, 0x139},
    {0x980030cULL, 0x13d},
    {0x9800323ULL, 0x1e36},
    {0x9800327ULL, 0x13b},
    {0x980032dULL, 0x1e3c},
    {0x9800331ULL, 0x1e3a},
    {0x9a00301ULL, 0x1e3e},
    {0x9a00307ULL, 0x1e40},
    {0x9a00323ULL, 0x1e42},
    {0x9c00300ULL, 0x1f8},
    {0x9c00301ULL, 0x143},
    {0x9c00303ULL, 0xd1},
    {0x9c00307ULL, 0x1e44},
    {0x9c0030cULL, 0x147},
    {0x9c00323ULL, 0x1e46},
    {0x9c00327ULL, 0x145},
    {0x9c0032dULL, 0x1e4a},
    {0x9c00331ULL, 0x1e48},
    {0x9e00300ULL, 0xd2},
    {0x9e00301ULL, 0xd3},
    {0x9e00302ULL, 0xd4},
    {0x9e00303ULL, 0xd5},
    {0x9e00304ULL, 0x14c},
    {0x9e00306ULL, 0x14e},
    {0x9e00307ULL, 0x22e},
    {0x9e00308ULL, 0xd6},
    {0x9e00309ULL, 0x1ece},
    {0x9e0030bULL, 0x150},
    {0x9e0030cULL, 0x1d1},
    {0x9e0030fULL, 0x20c},
    {0x9e00311ULL, 0x20e},
    {0x9e0031bULL, 0x1a0},
    {0x9e00323ULL, 0x1ecc},
    {0x9e00328ULL, 0x1ea},
    {0xa000301ULL, 0x1e54},
    {0xa000307ULL, 0x1e56},
    {0xa400301ULL, 0x154},
    {0xa400307ULL, 0x1e58},
    {0xa40030cULL, 0x158},
    {0xa40030fULL, 0x210},
    {0xa400311ULL, 0x212},
    {0xa400323ULL, 0x1e5a},
    {0xa400327ULL, 0x156},
    {0xa400331ULL, 0x1e5e},
    {0xa600301ULL, 0x15a},
    {0xa600302ULL, 0x15c},
    {0xa600307ULL, 0x1e60},
    {0xa60030cULL, 0x160},
    {0xa600323ULL, 0x1e62},
    {0xa600326ULL, 0x218},
    {0xa600327ULL, 0x15e},
    {0xa800307ULL, 0x1e6a},
    {0xa80030cULL, 0x164},
    {0xa800323ULL, 0x1e6c},
    {0xa800326ULL, 0x21a},
    {0xa800327ULL, 0x162},
    {0xa80032dULL, 0x1e70},
    {0xa800331ULL, 0x1e6e},
    {0xaa00300ULL, 0xd9},
    {0xaa00301ULL, 0xda},
    {0xaa00302ULL, 0xdb},
    {0xaa00303ULL, 0x168},
    {0xaa00304ULL, 0x16a},
    {0xaa00306ULL, 0x16c},
    {0xaa00308ULL, 0xdc},
    {0xaa00309ULL, 0x1ee6},
    {0xaa0030aULL, 0x16e},
    {0xaa0030bULL, 0x170},
    {0xaa0030cULL, 0x1d3},
    {0xaa0030fULL, 0x214},
    {0xaa00311ULL, 0x216},
    {0xaa0031bULL, 0x1af},
    {0xaa00323ULL, 0x1ee4},
    {0xaa00324ULL, 0x1e72},
    {0xaa00328ULL, 0x172},
    {0xaa0032dULL, 0x1e76},
    {0xaa00330ULL, 0x1e74},
    {0xac00303ULL, 0x1e7c},
    {0xac00323ULL, 0x1e7e},
    {0xae00300ULL, 0x1e80},
    {0xae00301ULL, 0x1e82},
    {0xae00302ULL, 0x174},
    {0xae00307ULL, 0x1e86},
    {0xae00308ULL, 0x1e84},
    {0xae00323ULL, 0x1e88},
    {0xb000307ULL, 0x1e8a},
    {0xb000308ULL, 0x1e8c},
    {0xb200300ULL, 0x1ef2},
    {0xb200301ULL, 0xdd},
    {0xb200302ULL, 0x176},
    {0xb200303ULL, 0x1ef8},
    {0xb200304ULL, 0x232},
    {0xb200307ULL, 0x1e8e},
    {0xb200308ULL, 0x178},
    {0xb200309ULL, 0x1ef6},
    {0xb200323ULL, 0x1ef4},
    {0xb400301ULL, 0x179},
    {0xb400302ULL, 0x1e90},
    {0xb400307ULL, 0x17b},
    {0xb40030cULL, 0x17d},
    {0xb400323ULL, 0x1e92},
    {0xb400331ULL, 0x1e94},
    {0xc200300ULL, 0xe0},
    {0xc200301ULL, 0xe1},
    {0xc200302ULL, 0xe2},
    {0xc200303ULL, 0xe3},
    {0xc200304ULL, 0x101},
    {0xc200306ULL, 0x103},
    {0xc200307ULL, 0x227},
    {0xc200308ULL, 0xe4},
    {0xc200309ULL, 0x1ea3},
    {0xc20030aULL, 0xe5},
    {0xc20030cULL, 0x1ce},
    {0xc20030fULL, 0x201},
    {0xc200311ULL, 0x203},
    {0xc200323ULL, 0x1ea1},
    {0xc200325ULL, 0x1e01},
    {0xc200328ULL, 0x105},
    {0xc400307ULL, 0x1e03},
    {0xc400323ULL, 0x1e05},
    {0xc400331ULL, 0x1e07},
    {0xc600301ULL, 0x107},
    {0xc600302ULL, 0x109},
    {0xc600307ULL, 0x10b},
    {0xc60030cULL, 0x10d},
    {0xc600327ULL, 0xe7},
    {0xc800307ULL, 0x1e0b},
    {0xc80030cULL, 0x10f},
    {0xc800323ULL, 0x1e0d},
    {0xc800327ULL, 0x1e11},
    {0xc80032dULL, 0x1e13},
    {0xc800331ULL, 0x1e0f},
    {0xca00300ULL, 0xe8},
    {0xca00301ULL, 0xe9},
    {0xca00302ULL, 0xea},
    {0xca00303ULL, 0x1ebd},
    {0xca00304ULL, 0x113},
    {0xca00306ULL, 0x115},
    {0xca00307ULL, 0x117},
    {0xca00308ULL, 0xeb},
    {0xca00309ULL, 0x1ebb},
    {0xca0030cULL, 0x11b},
    {0xca0030fULL, 0x205},
    {0xca00311ULL, 0x207},
    {0xca00323ULL, 0x1eb9},
    {0xca00327ULL, 0x229},
    {0xca00328ULL, 0x119},
    {0xca0032dULL, 0x1e19},
    {0xca00330ULL, 0x1e1b},
    {0xcc00307ULL, 0x1e1f},
    {0xce00301ULL, 0x1f5},
    {0xce00302ULL, 0x11d},
    {0xce00304ULL, 0x1e21},
    {0xce00306ULL, 0x11f},
    {0xce00307ULL, 0x121},
    {0xce0030cULL, 0x1e7},
    {0xce00327ULL, 0x123},
    {0xd000302ULL, 0x125},
    {0xd000307ULL, 0x1e23},
    {0xd000308ULL, 0x1e27},
    {0xd00030cULL, 0x21f},
    {0xd000323ULL, 0x1e25},
    {0xd000327ULL, 0x1e29},
    {0xd00032eULL, 0x1e2b},
    {0xd000331ULL, 0x1e96},
    {0xd200300ULL, 0xec},
    {0xd200301ULL, 0xed},
    {0xd200302ULL, 0xee},
    {0xd200303ULL, 0x129},
    {0xd200304ULL, 0x12b},
    {0xd200306ULL, 0x12d},
    {0xd200308ULL, 0xef},
    {0xd200309ULL, 0x1ec9},
    {0xd20030cULL, 0x1d0},
    {0xd20030fULL, 0x209},
    {0xd200311ULL, 0x20b},
    {0xd200323ULL, 0x1ecb},
    {0xd200328ULL, 0x12f},
    {0xd200330ULL, 0x1e2d},
    {0xd400302ULL, 0x135},
    {0xd40030cULL, 0x1f0},
    {0xd600301ULL, 0x1e31},
    {0xd60030cULL, 0x1e9},
    {0xd600323ULL, 0x1e33},
    {0xd600327ULL, 0x137},
    {0xd600331ULL, 0x1e35},
    {0xd800301ULL, 0x13a},
    {0xd80030cULL, 0x13e},
    {0xd800323ULL, 0x1e37},
    {0xd800327ULL, 0x13c},
    {0xd80032dULL, 0x1e3d},
    {0xd800331ULL, 0x1e3b},
    {0xda00301ULL, 0x1e3f},
    {0xda00307ULL, 0x1e41},
    {0xda00323ULL, 0x1e43},
    {0xdc00300ULL, 0x1f9},
    {0xdc00301ULL, 0x144},
    {0xdc00303ULL, 0xf1},
    {0xdc00307ULL, 0x1e45},
    {0xdc0030cULL, 0x148},
    {0xdc00323ULL, 0x1e47},
    {0xdc00327ULL, 0x146},
    {0xdc0032dULL, 0x1e4b},
    {0xdc00331ULL, 0x1e49},
    {0xde00300ULL, 0xf2},
    {0xde00301ULL, 0xf3},
    {0xde00302ULL, 0xf4},
    {0xde00303ULL, 0xf5},
    {0xde00304ULL, 0x14d},
    {0xde00306ULL, 0x14f},
    {0xde00307ULL, 0x22f},
    {0xde00308ULL, 0xf6},
    {0xde00309ULL, 0x1ecf},
    {0xde0030bULL, 0x151},
    {0xde0030cULL, 0x1d2},
    {0xde0030fULL, 0x20d},
    {0xde00311ULL, 0x20f},
    {0xde0031bULL, 0x1a1},
    {0xde00323ULL, 0x1ecd},
    {0xde00328ULL, 0x1eb},
    {0xe000301ULL, 0x1e55},
    {0xe000307ULL, 0x1e57},
    {0xe400301ULL, 0x155},
    {0xe400307ULL, 0x1e59},
    {0xe40030cULL, 0x159},
    {0xe40030fULL, 0x211},
    {0xe400311ULL, 0x213},
    {0xe400323ULL, 0x1e5b},
    {0xe400327ULL, 0x157},
    {0xe400331ULL, 0x1e5f},
    {0xe600301ULL, 0x15b},
    {0xe600302ULL, 0x15d},
    {0xe600307ULL, 0x1e61},
    {0xe60030cULL, 0x161},
    {0xe600323ULL, 0x1e63},
    {0xe600326ULL, 0x219},
    {0xe600327ULL, 0x15f},
    {0xe800307ULL, 0x1e6b},
    {0xe800308ULL, 0x1e97},
    {0xe80030cULL, 0x165},
    {0xe800323ULL, 0x1e6d},
    {0xe800326ULL, 0x21b},
    {0xe800327ULL, 0x163},
    {0xe80032dULL, 0x1e71},
    {0xe800331ULL, 0x1e6f},
    {0xea00300ULL, 0xf9},
    {0xea00301ULL, 0xfa},
    {0xea00302ULL, 0xfb},
    {0xea00303ULL, 0x169},
    {0xea00304ULL, 0x16b},
    {0xea00306ULL, 0x16d},
    {0xea00308ULL, 0xfc},
    {0xea00309ULL, 0x1ee7},
    {0xea0030aULL, 0x16f},
    {0xea0030bULL, 0x171},
    {0xea0030cULL, 0x1d4},
    {0xea0030fULL, 0x215},
    {0xea00311ULL, 0x217},
    {0xea0031bULL, 0x1b0},
    {0xea00323ULL, 0x1ee5},
    {0xea00324ULL, 0x1e73},
    {0xea00328ULL, 0x173},
    {0xea0032dULL, 0x1e77},
    {0xea00330ULL, 0x1e75},
    {0xec00303ULL, 0x1e7d},
    {0xec00323ULL, 0x1e7f},
    {0xee00300ULL, 0x1e81},
    {0xee00301ULL, 0x1e83},
    {0xee00302ULL, 0x175},
    {0xee00307ULL, 0x1e87},
    {0xee00308ULL, 0x1e85},
    {0xee0030aULL, 0x1e98},
    {0xee00323ULL, 0x1e89},
    {0xf000307ULL, 0x1e8b},
    {0xf000308ULL, 0x1e8d},
    {0xf200300ULL, 0x1ef3},
    {0xf200301ULL, 0xfd},
    {0xf200302ULL, 0x177},
    {0xf200303ULL, 0x1ef9},
    {0xf200304ULL, 0x233},
    {0xf200307ULL, 0x1e8f},
    {0xf200308ULL, 0xff},
    {0xf200309ULL, 0x1ef7},
    {0xf20030aULL, 0x1e99},
    {0xf200323ULL, 0x1ef5},
    {0xf400301ULL, 0x17a},
    {0xf400302ULL, 0x1e91},
    {0xf400307ULL, 0x17c},
    {0xf40030cULL, 0x17e},
    {0xf400323ULL, 0x1e93},
    {0xf400331ULL, 0x1e95},
    {0x15000300ULL, 0x1fed},
    {0x15000301ULL, 0x385},
    {0x15000342ULL, 0x1fc1},
    {0x18400300ULL, 0x1ea6},
    {0x18400301ULL, 0x1ea4},
    {0x18400303ULL, 0x1eaa},
    {0x18400309ULL, 0x1ea8},
    {0x18800304ULL, 0x1de},
    {0x18a00301ULL, 0x1fa},
    {0x18c00301ULL, 0x1fc},
    {0x18c00304ULL, 0x1e2},
    {0x18e00301ULL, 0x1e08},
    {0x19400300ULL, 0x1ec0},
    {0x19400301ULL, 0x1ebe},
    {0x19400303ULL, 0x1ec4},
    {0x19400309ULL, 0x1ec2},
    {0x19e00301ULL, 0x1e2e},
    {0x1a800300ULL, 0x1ed2},
    {0x1a800301ULL, 0x1ed0},
    {0x1a800303ULL, 0x1ed6},
    {0x1a800309ULL, 0x1ed4},
    {0x1aa00301ULL, 0x1e4c},
    {0x1aa00304ULL, 0x22c},
    {0x1aa00308ULL, 0x1e4e},
    {0x1ac00304ULL, 0x22a},
    {0x1b000301ULL, 0x1fe},
    {0x1b800300ULL, 0x1db},
    {0x1b800301ULL, 0x1d7},
    {0x1b800304ULL, 0x1d5},
    {0x1b80030cULL, 0x1d9},
    {0x1c400300ULL, 0x1ea7},
    {0x1c400301ULL, 0x1ea5},
    {0x1c400303ULL, 0x1eab},
    {0x1c400309ULL, 0x1ea9},
    {0x1c800304ULL, 0x1df},
    {0x1ca00301ULL, 0x1fb},
    {0x1cc00301ULL, 0x1fd},
    {0x1cc00304ULL, 0x1e3},
    {0x1ce00301ULL, 0x1e09},
    {0x1d400300ULL, 0x1ec1},
    {0x1d400301ULL, 0x1ebf},
    {0x1d400303ULL, 0x1ec5},
    {0x1d400309ULL, 0x1ec3},
    {0x1de00301ULL, 0x1e2f},
    {0x1e800300ULL, 0x1ed3},
    {0x1e800301ULL, 0x1ed1},
    {0x1e800303ULL, 0x1ed7},
    {0x1e800309ULL, 0x1ed5},
    {0x1ea00301ULL, 0x1e4d},
    {0x1ea00304ULL, 0x22d},
    {0x1ea00308ULL, 0x1e4f},
    {0x1ec00304ULL, 0x22b},
    {0x1f000301ULL, 0x1ff},
    {0x1f800300ULL, 0x1dc},
    {0x1f800301ULL, 0x1d8},
    {0x1f800304ULL, 0x1d6},
    {0x1f80030cULL, 0x1da},
    {0x20400300ULL, 0x1eb0},
    {0x20400301ULL, 0x1eae},
    {0x20400303ULL, 0x1eb4},
    {0x20400309ULL, 0x1eb2},
    {0x20600300ULL, 0x1eb1},
    {0x20600301ULL, 0x1eaf},
    {0x20600303ULL, 0x1eb5},
    {0x20600309ULL, 0x1eb3},
    {0x22400300ULL, 0x1e14},
    {0x22400301ULL, 0x1e16},
    {0x22600300ULL, 0x1e15},
    {0x22600301ULL, 0x1e17},
    {0x29800300ULL, 0x1e50},
    {0x29800301ULL, 0x1e52},
    {0x29a00300ULL, 0x1e51},
    {0x29a00301ULL, 0x1e53},
    {0x2b400307ULL, 0x1e64},
    {0x2b600307ULL, 0x1e65},
    {0x2c000307ULL, 0x1e66},
    {0x2c200307ULL, 0x1e67},
    {0x2d000301ULL, 0x1e78},
    {0x2d200301ULL, 0x1e79},
    {0x2d400308ULL, 0x1e7a},
    {0x2d600308ULL, 0x1e7b},
    {0x2fe00307ULL, 0x1e9b},
    {0x34000300ULL, 0x1edc},
    {0x34000301ULL, 0x1eda},
    {0x34000303ULL, 0x1ee0},
    {0x34000309ULL, 0x1ede},
    {0x34000323ULL, 0x1ee2},
    {0x34200300ULL, 0x1edd},
    {0x34200301ULL, 0x1edb},
    {0x34200303ULL, 0x1ee1},
    {0x34200309ULL, 0x1edf},
    {0x34200323ULL, 0x1ee3},
    {0x35e00300ULL, 0x1eea},
    {0x35e00301ULL, 0x1ee8},
    {0x35e00303ULL, 0x1eee},
    {0x35e00309ULL, 0x1eec},
    {0x35e00323ULL, 0x1ef0},
    {0x36000300ULL, 0x1eeb},
    {0x36000301ULL, 0x1ee9},
    {0x36000303ULL, 0x1eef},
    {0x36000309ULL, 0x1eed},
    {0x36000323ULL, 0x1ef1},
    {0x36e0030cULL, 0x1ee},
    {0x3d400304ULL, 0x1ec},
    {0x3d600304ULL, 0x1ed},
    {0x44c00304ULL, 0x1e0},
    {0x44e00304ULL, 0x1e1},
    {0x45000306ULL, 0x1e1c},
    {0x45200306ULL, 0x1e1d},
    {0x45c00304ULL, 0x230},
    {0x45e00304ULL, 0x231},
    {0x5240030cULL, 0x1ef},
    {0x72200300ULL, 0x1fba},
    {0x72200301ULL, 0x386},
    {0x72200304ULL, 0x1fb9},
    {0x72200306ULL, 0x1fb8},
    {0x72200313ULL, 0x1f08},
    {0x72200314ULL, 0x1f09},
    {0x72200345ULL, 0x1fbc},
    {0x72a00300ULL, 0x1fc8},
    {0x72a00301ULL, 0x388},
    {0x72a00313ULL, 0x1f18},
    {0x72a00314ULL, 0x1f19},
    {0x72e00300ULL, 0x1fca},
    {0x72e00301ULL, 0x389},
    {0x72e00313ULL, 0x1f28},
    {0x72e00314ULL, 0x1f29},
    {0x72e00345ULL, 0x1fcc},
    {0x73200300ULL, 0x1fda},
    {0x73200301ULL, 0x38a},
    {0x73200304ULL, 0x1fd9},
    {0x73200306ULL, 0x1fd8},
    {0x73200308ULL, 0x3aa},
    {0x73200313ULL, 0x1f38},
    {0x73200314ULL, 0x1f39},
    {0x73e00300ULL, 0x1ff8},
    {0x73e00301ULL, 0x38c},
    {0x73e00313ULL, 0x1f48},
    {0x73e00314ULL, 0x1f49},
    {0x74200314ULL, 0x1fec},
    {0x74a00300ULL, 0x1fea},
    {0x74a00301ULL, 0x38e},
    {0x74a00304ULL, 0x1fe9},
    {0x74a00306ULL, 0x1fe8},
    {0x74a00308ULL, 0x3ab},
    {0x74a00314ULL, 0x1f59},
    {0x75200300ULL, 0x1ffa},
    {0x75200301ULL, 0x38f},
    {0x75200313ULL, 0x1f68},
    {0x75200314ULL, 0x1f69},
    {0x75200345ULL, 0x1ffc},
    {0x75800345ULL, 0x1fb4},
    {0x75c00345ULL, 0x1fc4},
    {0x76200300ULL, 0x1f70},
    {0x76200301ULL, 0x3ac},
    {0x76200304ULL, 0x1fb1},
    {0x76200306ULL, 0x1fb0},
    {0x76200313ULL, 0x1f00},
    {0x76200314ULL, 0x1f01},
    {0x76200342ULL, 0x1fb6},
    {0x76200345ULL, 0x1fb3},
    {0x76a00300ULL, 0x1f72},
    {0x76a00301ULL, 0x3ad},
    {0x76a00313ULL, 0x1f10},
    {0x76a00314ULL, 0x1f11},
    {0x76e00300ULL, 0x1f74},
    {0x76e00301ULL, 0x3ae},
    {0x76e00313ULL, 0x1f20},
    {0x76e00314ULL, 0x1f21},
    {0x76e00342ULL, 0x1fc6},
    {0x76e00345ULL, 0x1fc3},
    {0x77200300ULL, 0x1f76},
    {0x77200301ULL, 0x3af},
    {0x77200304ULL, 0x1fd1},
    {0x77200306ULL, 0x1fd0},
    {0x77200308ULL, 0x3ca},
    {0x77200313ULL, 0x1f30},
    {0x77200314ULL, 0x1f31},
    {0x77200342ULL, 0x1fd6},
    {0x77e00300ULL, 0x1f78},
    {0x77e00301ULL, 0x3cc},
    {0x77e00313ULL, 0x1f40},
    {0x77e00314ULL, 0x1f41},
    {0x78200313ULL, 0x1fe4},
    {0x78200314ULL, 0x1fe5},
    {0x78a00300ULL, 0x1f7a},
    {0x78a00301ULL, 0x3cd},
    {0x78a00304ULL, 0x1fe1},
    {0x78a00306ULL, 0x1fe0},
    {0x78a00308ULL, 0x3cb},
    {0x78a00313ULL, 0x1f50},
    {0x78a00314ULL, 0x1f51},
    {0x78a00342ULL, 0x1fe6},
    {0x79200300ULL, 0x1f7c},
    {0x79200301ULL, 0x3ce},
    {0x79200313ULL, 0x1f60},
    {0x79200314ULL, 0x1f61},
    {0x79200342ULL, 0x1ff6},
    {0x79200345ULL, 0x1ff3},
    {0x79400300ULL, 0x1fd2},
    {0x79400301ULL, 0x390},
    {0x79400342ULL, 0x1fd7},
    {0x79600300ULL, 0x1fe2},
    {0x79600301ULL, 0x3b0},
    {0x79600342ULL, 0x1fe7},
    {0x79c00345ULL, 0x1ff4},
    {0x7a400301ULL, 0x3d3},
    {0x7a400308ULL, 0x3d4},
    {0x80c00308ULL, 0x407},
    {0x82000306ULL, 0x4d0},
    {0x82000308ULL, 0x4d2},
    {0x82600301ULL, 0x403},
    {0x82a00300ULL, 0x400},
    {0x82a00306ULL, 0x4d6},
    {0x82a00308ULL, 0x401},
    {0x82c00306ULL, 0x4c1},
    {0x82c00308ULL, 0x4dc},
    {0x82e00308ULL, 0x4de},
    {0x83000300ULL, 0x40d},
    {0x83000304ULL, 0x4e2},
    {0x83000306ULL, 0x419},
    {0x83000308ULL, 0x4e4},
    {0x83400301ULL, 0x40c},
    {0x83c00308ULL, 0x4e6},
    {0x84600304ULL, 0x4ee},
    {0x84600306ULL, 0x40e},
    {0x84600308ULL, 0x4f0},
    {0x8460030bULL, 0x4f2},
    {0x84e00308ULL, 0x4f4},
    {0x85600308ULL, 0x4f8},
    {0x85a00308ULL, 0x4ec},
    {0x86000306ULL, 0x4d1},
    {0x86000308ULL, 0x4d3},
    {0x86600301ULL, 0x453},
    {0x86a00300ULL, 0x450},
    {0x86a00306ULL, 0x4d7},
    {0x86a00308ULL, 0x451},
    {0x86c00306ULL, 0x4c2},
    {0x86c00308ULL, 0x4dd},
    {0x86e00308ULL, 0x4df},
    {0x87000300ULL, 0x45d},
    {0x87000304ULL, 0x4e3},
    {0x87000306ULL, 0x439},
    {0x87000308ULL, 0x4e5},
    {0x87400301ULL, 0x45c},
    {0x87c00308ULL, 0x4e7},
    {0x88600304ULL, 0x4ef},
    {0x88600306ULL, 0x45e},
    {0x88600308ULL, 0x4f1},
    {0x8860030bULL, 0x4f3},
    {0x88e00308ULL, 0x4f5},
    {0x89600308ULL, 0x4f9},
    {0x89a00308ULL, 0x4ed},
    {0x8ac00308ULL, 0x457},
    {0x8e80030fULL, 0x476},
    {0x8ea0030fULL, 0x477},
    {0x9b000308ULL, 0x4da},
    {0x9b200308ULL, 0x4db},
    {0x9d000308ULL, 0x4ea},
    {0x9d200308ULL, 0x4eb},
    {0xc4e00653ULL, 0x622},
    {0xc4e00654ULL, 0x623},
    {0xc4e00655ULL, 0x625},
    {0xc9000654ULL, 0x624},
    {0xc9400654ULL, 0x626},
    {0xd8200654ULL, 0x6c2},
    {0xda400654ULL, 0x6d3},
    {0xdaa00654ULL, 0x6c0},
    {0x12500093cULL, 0x929},
    {0x12600093cULL, 0x931},
    {0x12660093cULL, 0x934},
    {0x138e009beULL, 0x9cb},
    {0x138e009d7ULL, 0x9cc},
    {0x168e00b3eULL, 0xb4b},
    {0x168e00b56ULL, 0xb48},
    {0x168e00b57ULL, 0xb4c},
    {0x172400bd7ULL, 0xb94},
    {0x178c00bbeULL, 0xbca},
    {0x178c00bd7ULL, 0xbcc},
    {0x178e00bbeULL, 0xbcb},
    {0x188c00c56ULL, 0xc48},
    {0x197e00cd5ULL, 0xcc0},
    {0x198c00cc2ULL, 0xcca},
    {0x198c00cd5ULL, 0xcc7},
    {0x198c00cd6ULL, 0xcc8},
    {0x199400cd5ULL, 0xccb},
    {0x1a8c00d3eULL, 0xd4a},
    {0x1a8c00d57ULL, 0xd4c},
    {0x1a8e00d3eULL, 0xd4b},
    {0x1bb200dcaULL, 0xdda},
    {0x1bb200dcfULL, 0xddc},
    {0x1bb200ddfULL, 0xdde},
    {0x1bb800dcaULL, 0xddd},
    {0x204a0102eULL, 0x1026},
    {0x360a01b35ULL, 0x1b06},
    {0x360e01b35ULL, 0x1b08},
    {0x361201b35ULL, 0x1b0a},
    {0x361601b35ULL, 0x1b0c},
    {0x361a01b35ULL, 0x1b0e},
    {0x362201b35ULL, 0x1b12},
    {0x367401b35ULL, 0x1b3b},
    {0x367801b35ULL, 0x1b3d},
    {0x367c01b35ULL, 0x1b40},
    {0x367e01b35ULL, 0x1b41},
    {0x368401b35ULL, 0x1b43},
    {0x3c6c00304ULL, 0x1e38},
    {0x3c6e00304ULL, 0x1e39},
    {0x3cb400304ULL, 0x1e5c},
    {0x3cb600304ULL, 0x1e5d},
    {0x3cc400307ULL, 0x1e68},
    {0x3cc600307ULL, 0x1e69},
    {0x3d4000302ULL, 0x1eac},
    {0x3d4000306ULL, 0x1eb6},
    {0x3d4200302ULL, 0x1ead},
    {0x3d4200306ULL, 0x1eb7},
    {0x3d7000302ULL, 0x1ec6},
    {0x3d7200302ULL, 0x1ec7},
    {0x3d9800302ULL, 0x1ed8},
    {0x3d9a00302ULL, 0x1ed9},
    {0x3e0000300ULL, 0x1f02},
    {0x3e0000301ULL, 0x1f04},
    {0x3e0000342ULL, 0x1f06},
    {0x3e0000345ULL, 0x1f80},
    {0x3e0200300ULL, 0x1f03},
    {0x3e0200301ULL, 0x1f05},
    {0x3e0200342ULL, 0x1f07},
    {0x3e0200345ULL, 0x1f81},
    {0x3e0400345ULL, 0x1f82},
    {0x3e0600345ULL, 0x1f83},
    {0x3e0800345ULL, 0x1f84},
    {0x3e0a00345ULL, 0x1f85},
    {0x3e0c00345ULL, 0x1f86},
    {0x3e0e00345ULL, 0x1f87},
    {0x3e1000300ULL, 0x1f0a},
    {0x3e1000301ULL, 0x1f0c},
    {0x3e1000342ULL, 0x1f0e},
    {0x3e1000345ULL, 0x1f88},
    {0x3e1200300ULL, 0x1f0b},
    {0x3e1200301ULL, 0x1f0d},
    {0x3e1200342ULL, 0x1f0f},
    {0x3e1200345ULL, 0x1f89},
    {0x3e1400345ULL, 0x1f8a},
    {0x3e1600345ULL, 0x1f8b},
    {0x3e1800345ULL, 0x1f8c},
    {0x3e1a00345ULL, 0x1f8d},
    {0x3e1c00345ULL, 0x1f8e},
    {0x3e1e00345ULL, 0x1f8f},
    {0x3e2000300ULL, 0x1f12},
    {0x3e2000301ULL, 0x1f14},
    {0x3e2200300ULL, 0x1f13},
    {0x3e2200301ULL, 0x1f15},
    {0x3e3000300ULL, 0x1f1a},
    {0x3e3000301ULL, 0x1f1c},
    {0x3e3200300ULL, 0x1f1b},
    {0x3e3200301ULL, 0x1f1d},
    {0x3e4000300ULL, 0x1f22},
    {0x3e4000301ULL, 0x1f24},
    {0x3e4000342ULL, 0x1f26},
    {0x3e4000345ULL, 0x1f90},
    {0x3e4200300ULL, 0x1f23},
    {0x3e4200301ULL, 0x1f25},
    {0x3e4200342ULL, 0x1f27},
    {0x3e4200345ULL, 0x1f91},
    {0x3e4400345ULL, 0x1f92},
    {0x3e4600345ULL, 0x1f93},
    {0x3e4800345ULL, 0x1f94},
    {0x3e4a00345ULL, 0x1f95},
    {0x3e4c00345ULL, 0x1f96},
    {0x3e4e00345ULL, 0x1f97},
    {0x3e5000300ULL, 0x1f2a},
    {0x3e5000301ULL, 0x1f2c},
    {0x3e5000342ULL, 0x1f2e},
    {0x3e5000345ULL, 0x1f98},
    {0x3e5200300ULL, 0x1f2b},
    {0x3e5200301ULL, 0x1f2d},
    {0x3e5200342ULL, 0x1f2f},
    {0x3e5200345ULL, 0x1f99},
    {0x3e5400345ULL, 0x1f9a},
    {0x3e5600345ULL, 0x1f9b},
    {0x3e5800345ULL, 0x1f9c},
    {0x3e5a00345ULL, 0x1f9d},
    {0x3e5c00345ULL, 0x1f9e},
    {0x3e5e00345ULL, 0x1f9f},
    {0x3e6000300ULL, 0x1f32},
    {0x3e6000301ULL, 0x1f34},
    {0x3e6000342ULL, 0x1f36},
    {0x3e6200300ULL, 0x1f33},
    {0x3e6200301ULL, 0x1f35},
    {0x3e6200342ULL, 0x1f37},
    {0x3e7000300ULL, 0x1f3a},
    {0x3e7000301ULL, 0x1f3c},
    {0x3e7000342ULL, 0x1f3e},
    {0x3e7200300ULL, 0x1f3b},
    {0x3e7200301ULL, 0x1f3d},
    {0x3e7200342ULL, 0x1f3f},
    {0x3e8000300ULL, 0x1f42},
    {0x3e8000301ULL, 0x1f44},
    {0x3e8200300ULL, 0x1f43},
    {0x3e8200301ULL, 0x1f45},
    {0x3e9000300ULL, 0x1f4a},
    {0x3e9000301ULL, 0x1f4c},
    {0x3e9200300ULL, 0x1f4b},
    {0x3e9200301ULL, 0x1f4d},
    {0x3ea000300ULL, 0x1f52},
    {0x3ea000301ULL, 0x1f54},
    {0x3ea000342ULL, 0x1f56},
    {0x3ea200300ULL, 0x1f53},
    {0x3ea200301ULL, 0x1f55},
    {0x3ea200342ULL, 0x1f57},
    {0x3eb200300ULL, 0x1f5b},
    {0x3eb200301ULL, 0x1f5d},
    {0x3eb200342ULL, 0x1f5f},
    {0x3ec000300ULL, 0x1f62},
    {0x3ec000301ULL, 0x1f64},
    {0x3ec000342ULL, 0x1f66},
    {0x3ec000345ULL, 0x1fa0},
    {0x3ec200300ULL, 0x1f63},
    {0x3ec200301ULL, 0x1f65},
    {0x3ec200342ULL, 0x1f67},
    {0x3ec200345ULL, 0x1fa1},
    {0x3ec400345ULL, 0x1fa2},
    {0x3ec600345ULL, 0x1fa3},
    {0x3ec800345ULL, 0x1fa4},
    {0x3eca00345ULL, 0x1fa5},
    {0x3ecc00345ULL, 0x1fa6},
    {0x3ece00345ULL, 0x1fa7},
    {0x3ed000300ULL, 0x1f6a},
    {0x3ed000301ULL, 0x1f6c},
    {0x3ed000342ULL, 0x1f6e},
    {0x3ed000345ULL, 0x1fa8},
    {0x3ed200300ULL, 0x1f6b},
    {0x3ed200301ULL, 0x1f6d},
    {0x3ed200342ULL, 0x1f6f},
    {0x3ed200345ULL, 0x1fa9},
    {0x3ed400345ULL, 0x1faa},
    {0x3ed600345ULL, 0x1fab},
    {0x3ed800345ULL, 0x1fac},
    {0x3eda00345ULL, 0x1fad},
    {0x3edc00345ULL, 0x1fae},
    {0x3ede00345ULL, 0x1faf},
    {0x3ee000345ULL, 0x1fb2},
    {0x3ee800345ULL, 0x1fc2},
    {0x3ef800345ULL, 0x1ff2},
    {0x3f6c00345ULL, 0x1fb7},
    {0x3f7e00300ULL, 0x1fcd},
    {0x3f7e00301ULL, 0x1fce},
    {0x3f7e00342ULL, 0x1fcf},
    {0x3f8c00345ULL, 0x1fc7},
    {0x3fec00345ULL, 0x1ff7},
    {0x3ffc00300ULL, 0x1fdd},
    {0x3ffc00301ULL, 0x1fde},
    {0x3ffc00342ULL, 0x1fdf},
    {0x432000338ULL, 0x219a},
    {0x432400338ULL, 0x219b},
    {0x432800338ULL, 0x21ae},
    {0x43a000338ULL, 0x21cd},
    {0x43a400338ULL, 0x21cf},
    {0x43a800338ULL, 0x21ce},
    {0x440600338ULL, 0x2204},
    {0x441000338ULL, 0x2209},
    {0x441600338ULL, 0x220c},
    {0x444600338ULL, 0x2224},
    {0x444a00338ULL, 0x2226},
    {0x447800338ULL, 0x2241},
    {0x448600338ULL, 0x2244},
    {0x448a00338ULL, 0x2247},
    {0x449000338ULL, 0x2249},
    {0x449a00338ULL, 0x226d},
    {0x44c200338ULL, 0x2262},
    {0x44c800338ULL, 0x2270},
    {0x44ca00338ULL, 0x2271},
    {0x44e400338ULL, 0x2274},
    {0x44e600338ULL, 0x2275},
    {0x44ec00338ULL, 0x2278},
    {0x44ee00338ULL, 0x2279},
    {0x44f400338ULL, 0x2280},
    {0x44f600338ULL, 0x2281},
    {0x44f800338ULL, 0x22e0},
    {0x44fa00338ULL, 0x22e1},
    {0x450400338ULL, 0x2284},
    {0x450600338ULL, 0x2285},
    {0x450c00338ULL, 0x2288},
    {0x450e00338ULL, 0x2289},
    {0x452200338ULL, 0x22e2},
    {0x452400338ULL, 0x22e3},
    {0x454400338ULL, 0x22ac},
    {0x455000338ULL, 0x22ad},
    {0x455200338ULL, 0x22ae},
    {0x455600338ULL, 0x22af},
    {0x456400338ULL, 0x22ea},
    {0x456600338ULL, 0x22eb},
    {0x456800338ULL, 0x22ec},
    {0x456a00338ULL, 0x22ed},
    {0x608c03099ULL, 0x3094},
    {0x609603099ULL, 0x304c},
    {0x609a03099ULL, 0x304e},
    {0x609e03099ULL, 0x3050},
    {0x60a203099ULL, 0x3052},
    {0x60a603099ULL, 0x3054},
    {0x60aa03099ULL, 0x3056},
    {0x60ae03099ULL, 0x3058},
    {0x60b203099ULL, 0x305a},
    {0x60b603099ULL, 0x305c},
    {0x60ba03099ULL, 0x305e},
    {0x60be03099ULL, 0x3060},
    {0x60c203099ULL, 0x3062},
    {0x60c803099ULL, 0x3065},
    {0x60cc03099ULL, 0x3067},
    {0x60d003099ULL, 0x3069},
    {0x60de03099ULL, 0x3070},
    {0x60de0309aULL, 0x3071},
    {0x60e403099ULL, 0x3073},
    {0x60e40309aULL, 0x3074},
    {0x60ea03099ULL, 0x3076},
    {0x60ea0309aULL, 0x3077},
    {0x60f003099ULL, 0x3079},
    {0x60f00309aULL, 0x307a},
    {0x60f603099ULL, 0x307c},
    {0x60f60309aULL, 0x307d},
    {0x613a03099ULL, 0x309e},
    {0x614c03099ULL, 0x30f4},
    {0x615603099ULL, 0x30ac},
    {0x615a03099ULL, 0x30ae},
    {0x615e03099ULL, 0x30b0},
    {0x616203099ULL, 0x30b2},
    {0x616603099ULL, 0x30b4},
    {0x616a03099ULL, 0x30b6},
    {0x616e03099ULL, 0x30b8},
    {0x617203099ULL, 0x30ba},
    {0x617603099ULL, 0x30bc},
    {0x617a03099ULL, 0x30be},
    {0x617e03099ULL, 0x30c0},
    {0x618203099ULL, 0x30c2},
    {0x618803099ULL, 0x30c5},
    {0x618c03099ULL, 0x30c7},
    {0x619003099ULL, 0x30c9},
    {0x619e03099ULL, 0x30d0},
    {0x619e0309aULL, 0x30d1},
    {0x61a403099ULL, 0x30d3},
    {0x61a40309aULL, 0x30d4},
    {0x61aa03099ULL, 0x30d6},
    {0x61aa0309aULL, 0x30d7},
    {0x61b003099ULL, 0x30d9},
    {0x61b00309aULL, 0x30da},
    {0x61b603099ULL, 0x30dc},
    {0x61b60309aULL, 0x30dd},
    {0x61de03099ULL, 0x30f7},
    {0x61e003099ULL, 0x30f8},
    {0x61e203099ULL, 0x30f9},
    {0x61e403099ULL, 0x30fa},
    {0x61fa03099ULL, 0x30fe},
    {0x22132110baULL, 0x1109a},
    {0x22136110baULL, 0x1109c},
    {0x2214a110baULL, 0x110ab},
    {0x2226211127ULL, 0x1112e},
    {0x2226411127ULL, 0x1112f},
    {0x2268e1133eULL, 0x1134b},
    {0x2268e11357ULL, 0x1134c},
    {0x22972114b0ULL, 0x114bc},
    {0x22972114baULL, 0x114bb},
    {0x22972114bdULL, 0x114be},
    {0x22b70115afULL, 0x115ba},
    {0x22b72115afULL, 0x115bb},
};

} // namespace moe
} // namespace ncnn

#endif // NCNN_MOE_MODELS_UNICODEDATA_H
